price_usd,effective_area_sqm,bedrooms,bathrooms,total_rooms,parking_spaces,has_parking,floor_number,is_high_floor,bathroom_ratio,expenses_usd,age_years,location_key,property_type,amenity_count
240000,135,3,1,4,,0,3,0,0.33,333,50,"AR | Botanico | Capital Federal, Argentina",Apartment,20
99000,31,0,1,1,,0,5,0,1.0,107,,"AR | Caballito | Capital Federal, Argentina",Apartment,8
180000,52,1,2,2,1,1,11,1,2.0,133,10,"AR | Caballito | Capital Federal, Argentina",Apartment,21
67000,37,1,1,2,,0,2,0,1.0,54,56,"AR | Caballito | Capital Federal, Argentina",Apartment,16
245000,102,3,2,4,1,1,,0,0.67,201,60,"AR | Caballito | Capital Federal, Argentina",Apartment,17
159000,58,2,2,3,1,1,6,0,1.0,136,25,"AR | Caballito Norte | Capital Federal, Argentina",Apartment,16
151880,36,1,1,,,0,,0,1.0,,,UY | Playa Mansa | Venta,Apartment,17
206000,64,2,2,,,0,,0,1.0,,,UY | Playa Mansa | Venta,Apartment,17
259000,64,2,2,,,0,,0,1.0,,,UY | Playa Mansa | Venta,Apartment,17
269000,63,2,2,,,0,,0,1.0,,,UY | Playa Mansa | Venta,Apartment,17
169000,48,1,1,,,0,3,0,1.0,112,,UY,Apartment,15
125000,37,1,3,2,,0,,0,3.0,,,UY,Apartment,9
299000,,4,4,,,0,,0,1.0,,,UY,Apartment,11
299000,,4,4,,,0,,0,1.0,,,UY,,11
229474,60,3,2,,,0,,0,0.67,,,UY,Apartment,9
100693,32,,1,,,0,,0,1.0,,,UY,Apartment,12
343000,85,2,2,,,0,,0,1.0,325,16,UY,Apartment,21
133500,35,1,1,,,0,,0,1.0,100,1,UY,Apartment,19
147000,40,1,1,,,0,,0,1.0,128,,UY,Apartment,17
142278,38,1,1,,,0,,0,1.0,,,UY,Apartment,18
128278,38,1,1,,,0,,0,1.0,,,UY,Apartment,18
137829,38,1,1,,,0,,0,1.0,,,UY,Apartment,18
136090,38,1,1,,,0,,0,1.0,,,UY,Apartment,18
136090,38,1,1,,,0,,0,1.0,,,UY,Apartment,18
137829,38,1,1,,,0,,0,1.0,,,UY,Apartment,18
124156,38,1,1,,,0,,0,1.0,,,UY,Apartment,18
193000,51,1,1,,,0,,0,1.0,,,UY,Apartment,17
169000,40,1,1,,,0,3,0,1.0,128,,UY,Apartment,15
169000,40,1,1,,,0,,0,1.0,128,,UY,Apartment,17
160000,37,1,1,,,0,,0,1.0,,,UY,Apartment,17
124100,35,1,1,,,0,,0,1.0,,,UY,Apartment,14
148900,39,1,1,,,0,,0,1.0,,,UY,Apartment,17
151880,41,1,2,,,0,13,1,2.0,,,UY,Apartment,14
154880,35,1,2,,,0,13,1,2.0,200,,UY,Apartment,14
201900,62,2,1,,,0,,0,0.5,125,,UY,Apartment,22
146061,50,2,1,,,0,,0,0.5,,,UY,Apartment,17
171866,60,2,1,,,0,,0,0.5,,,UY,Apartment,18
174600,58,2,1,,,0,,0,0.5,,,UY,Apartment,19
207063,71,2,1,,,0,,0,0.5,,,UY,Apartment,18
211186,65,2,1,,,0,,0,0.5,,,UY,Apartment,17
191591,65,2,1,,,0,,0,0.5,,,UY,Apartment,18
191951,65,2,1,,,0,,0,0.5,,,UY,Apartment,18
157000,57,2,1,,,0,,0,0.5,138,,UY,Apartment,15
206000,74,2,2,,,0,13,1,1.0,300,,UY,Apartment,14
209000,74,2,2,,,0,13,1,1.0,300,,UY,Apartment,14
259000,62,2,2,,,0,13,1,1.0,375,,UY,Apartment,14
269000,63,2,2,,,0,13,1,1.0,375,,UY,Apartment,14
195000,73,2,2,,,0,,0,1.0,,,UY,Apartment,16
170100,64,2,2,,,0,,0,1.0,,,UY,Apartment,16
289900,77,2,2,,,0,,0,1.0,,,UY,Apartment,16
319000,76,3,2,,,0,9,1,0.67,200,,UY,Apartment,14
169000,50,1,1,,1,1,,0,1.0,112,,UY,Apartment,13
197000,51,1,1,,,0,,0,1.0,200,,UY,Apartment,24
260000,85,2,2,,,0,,0,1.0,567,,UY,Apartment,21
559000,104,3,3,,,0,,0,1.0,325,,UY,Apartment,25
510000,104,3,3,,,0,,0,1.0,325,,UY,Apartment,25
99622,28,0,1,,,0,,0,1.0,,,UY,Apartment,18
97479,33,0,1,,,0,,0,1.0,,,UY,Apartment,18
169000,60,2,1,,,0,,0,0.5,202,9,UY | aguada | Altos del Libertador,Apartment,19
119000,40,1,1,,,0,20,1,1.0,98,1,UY,Apartment,12
124000,44,1,1,,,0,,0,1.0,88,,UY,Apartment,16
128500,44,1,1,,,0,,0,1.0,88,,UY,Apartment,16
510000,104,3,3,,,0,,0,1.0,500,,UY,Apartment,25
125550,46,1,1,,,0,,0,1.0,,,UY,Apartment,12
118110,41,1,1,,,0,,0,1.0,,,UY,Apartment,12
121500,37,1,1,,,0,,0,1.0,,,UY,Apartment,12
130386,37,1,1,,,0,,0,1.0,,,UY,Apartment,12
91908,29,0,1,,,0,,0,1.0,,,UY,Apartment,12
160000,36,1,1,,,0,6,0,1.0,182,9,UY,Apartment,15
325000,85,2,2,,,0,24,1,1.0,589,,UY,Apartment,17
255000,70,2,2,,,0,,0,1.0,389,,UY,Apartment,16
165000,111,3,2,,,0,6,0,0.67,120,,UY,Apartment,18
150000,55,2,2,,,0,,0,1.0,212,,UY | Punta del Este | Venta De Dormitorios En,Apartment,14
625000,140,3,5,,3,1,,0,1.67,,,UY | Punta del Este | Venta De Dormitorios Mas Dependencia De Servicio En Casino Tower,Apartment,14
625000,140,3,5,,3,1,,0,1.67,,,UY | Punta del Este | Venta De Dormitorios Mas Dependencia De Servicio En Casino Tower,Apartment,14
2800000,250,2,2,,2,1,,0,1.0,3000,,UY,Apartment,22
430000,140,2,2,,,0,,0,1.0,450,,UY,Apartment,20
255000,90,2,2,,,0,,0,1.0,,,UY,Apartment,15
440000,160,4,4,,,0,,0,1.0,760,,UY,Apartment,11
850000,141,4,3,,,0,,0,0.75,,,UY,Apartment,18
690000,164,3,3,,,0,,0,1.0,650,,UY,Apartment,14
690000,164,3,3,,,0,,0,1.0,650,,UY,Apartment,14
690000,164,3,3,,,0,,0,1.0,650,,UY,Apartment,14
690000,164,3,3,,,0,,0,1.0,650,,UY,Apartment,14
690000,164,3,3,,,0,,0,1.0,650,,UY,Apartment,14
395000,120,4,3,,,0,,0,0.75,700,,UY,Apartment,19
207709,49,1,1,,,0,,0,1.0,,,UY,Apartment,13
212305,38,1,1,,,0,,0,1.0,,,UY,Apartment,13
184860,38,1,1,,,0,,0,1.0,,,UY,Apartment,13
205009,38,1,1,,,0,,0,1.0,,,UY,Apartment,13
187494,38,1,1,,,0,,0,1.0,,,UY,Apartment,13
162880,39,1,1,,,0,,0,1.0,222,,UY,Apartment,13
203714,49,1,1,,,0,,0,1.0,,,UY,Apartment,13
213209,38,1,1,,,0,,0,1.0,,,UY,Apartment,13
213209,49,1,1,,,0,,0,1.0,,,UY,Apartment,13
212000,65,2,2,,,0,,0,1.0,185,,UY,Apartment,11
400000,150,3,4,,,0,,0,1.33,750,,UY,Apartment,20
180000,53,1,1,,2,1,,0,1.0,112,,UY,Apartment,16
193000,50,1,1,,2,1,,0,1.0,138,,UY,Apartment,17
163200,52,1,1,,,0,9,1,1.0,,,UY,Apartment,13
169000,53,1,1,,2,1,,0,1.0,112,,UY,Apartment,17
190000,71,3,2,,,0,,0,0.67,290,30,UY | Pocitos | Venta,Apartment,21
229000,64,2,1,,2,1,,0,0.5,,,UY | Montevideo | Pozo De Dormitorios En Venta Pocitos Nuevo,Apartment,17
178000,53,1,1,,2,1,,0,1.0,138,,UY,Apartment,17
164000,51,1,1,,2,1,,0,1.0,138,,UY,Apartment,16
320000,102,3,3,,,0,,0,1.0,,20,UY,Apartment,17
369000,140,2,2,,,0,,0,1.0,312,16,UY,Apartment,17
275000,63,2,1,,,0,,0,0.5,200,1,UY,Apartment,19
165000,39,1,1,,,0,,0,1.0,162,,UY,Apartment,16
131000,39,1,1,,,0,,0,1.0,125,,UY,Apartment,15
184000,41,1,1,,,0,,0,1.0,125,,UY,Apartment,15
260000,61,2,2,,,0,,0,1.0,238,,UY,Apartment,17
210000,66,2,2,,,0,,0,1.0,188,,UY,Apartment,17
295000,68,2,2,,,0,,0,1.0,238,,UY,Apartment,15
290000,92,3,2,,,0,,0,0.67,375,,UY,Apartment,17
325000,92,3,2,,,0,3,0,0.67,375,,UY,Apartment,16
260000,92,3,2,,,0,,0,0.67,238,,UY,Apartment,16
162000,50,1,1,,2,1,,0,1.0,,,UY,Apartment,16
165000,50,1,1,,2,1,,0,1.0,,,UY,Apartment,16
173000,50,1,1,,2,1,,0,1.0,112,,UY,Apartment,17
290000,91,3,2,,,0,,0,0.67,,,UY,Apartment,13
387000,85,2,2,,,0,15,1,1.0,,,UY,Apartment,15
195000,66,2,2,,,0,,0,1.0,238,,UY,Apartment,14
167000,51,1,1,,,0,,0,1.0,,,UY | Montevideo | Pozo De Dormitorio En Pocitos,Apartment,16
168000,50,1,1,,2,1,,0,1.0,138,,UY,Apartment,16
99500,27,0,1,,,0,,0,1.0,88,,UY,Apartment,11
129000,36,1,1,,,0,,0,1.0,125,,UY,Apartment,10
112000,42,1,1,,,0,,0,1.0,,,UY | con full Amenities Piscina | Pocitos sobre Luis P. Ponce,Apartment,14
152000,58,1,1,,,0,,0,1.0,,,UY | con full Amenities Piscina | Pocitos sobre Luis P. Ponce,Apartment,14
181000,58,1,1,,,0,,0,1.0,,,UY | con full Amenities Piscina | Pocitos sobre Luis P. Ponce,Apartment,14
113000,47,1,1,,,0,,0,1.0,,,UY | con full Amenities Piscina | Pocitos sobre Luis P. Ponce,Apartment,14
131000,34,1,1,,,0,44,1,1.0,,,UY,Apartment,12
210000,59,2,2,,,0,44,1,1.0,,,UY,Apartment,14
260000,76,3,2,,,0,44,1,0.67,,,UY,Apartment,13
229000,53,2,1,,,0,,0,0.5,,,UY,Apartment,13
134359,41,3,1,,,0,5,0,0.33,,1,UY,Apartment,11
150551,50,1,1,,,0,10,1,1.0,,,UY,Apartment,16
140389,41,1,1,,,0,9,1,1.0,,,UY,Apartment,15
135527,46,1,1,,,0,1,0,1.0,,,UY,Apartment,17
158182,50,1,1,,,0,2,0,1.0,,,UY,Apartment,16
135002,41,1,1,,,0,3,0,1.0,,,UY,Apartment,16
146349,50,1,1,,,0,6,0,1.0,,,UY,Apartment,16
138780,40,1,1,,,0,11,1,1.0,,,UY,Apartment,8
245990,73,3,1,,,0,10,1,0.33,,,UY,Apartment,8
95000,78,4,2,,,0,,0,0.5,165,16,UY,Apartment,13
91155,33,0,1,,,0,3,0,1.0,,,UY,Apartment,13
93009,33,0,1,,,0,5,0,1.0,,,UY,Apartment,13
175000,65,2,1,,,0,,0,0.5,125,,UY,Apartment,15
129000,42,1,1,,,0,11,1,1.0,,,UY,Apartment,11
155000,60,2,1,,,0,8,0,0.5,100,30,UY,Apartment,14
179000,55,2,1,,,0,7,0,0.5,175,,UY,Apartment,18
169000,55,1,1,,,0,,0,1.0,150,1,UY,Apartment,18
146840,41,1,1,,,0,,0,1.0,,,UY,Apartment,16
149350,50,1,1,,,0,,0,1.0,,,UY,Apartment,16
143479,50,1,1,,,0,,0,1.0,,,UY,Apartment,14
131000,47,1,1,,,0,1,0,1.0,,,UY,Apartment,22
143000,45,1,1,,,0,,0,1.0,131,,UY,Apartment,18
135000,41,1,1,,,0,,0,1.0,,,UY,Apartment,16
139359,41,1,1,,,0,9,1,1.0,,,UY,Apartment,15
143479,49,1,1,,,0,,0,1.0,,,UY,Apartment,13
167000,35,1,1,,,0,8,0,1.0,150,,UY | sobre Guaná entre Eduardo Acevedo y Juan D. Jackson | Cordón Sur,Apartment,18
160000,53,2,1,,,0,10,1,0.5,145,,UY,Apartment,22
172000,57,2,1,,,0,,0,0.5,165,,UY,Apartment,18
111000,33,0,1,,,0,10,1,1.0,77,,UY,Apartment,14
115000,33,2,1,,,0,13,1,0.5,,,UY,Apartment,17
143000,55,2,1,,,0,13,1,0.5,,,UY,Apartment,17
172000,78,2,1,,,0,13,1,0.5,,,UY,Apartment,17
111000,33,2,1,,,0,13,1,0.5,,,UY,Apartment,17
191000,78,2,1,,,0,13,1,0.5,,,UY,Apartment,17
141560,49,1,1,,,0,,0,1.0,,,UY,Apartment,12
138780,37,1,1,,,0,,0,1.0,,,UY,Apartment,12
160820,37,1,1,,,0,,0,1.0,,,UY,Apartment,12
160820,37,1,1,,,0,9,1,1.0,,,UY,Apartment,12
155260,37,1,1,,,0,,0,1.0,,,UY,Apartment,12
152260,37,1,1,,,0,,0,1.0,,,UY,Apartment,12
150440,42,1,1,,,0,,0,1.0,,,UY,Apartment,12
150440,42,1,1,,,0,,0,1.0,,,UY,Apartment,12
153550,42,1,1,,,0,,0,1.0,,,UY,Apartment,12
156860,42,1,1,,,0,,0,1.0,,,UY,Apartment,12
156860,42,1,1,,,0,,0,1.0,,,UY,Apartment,12
147550,42,1,1,,,0,,0,1.0,,,UY,Apartment,12
108500,33,1,1,,,0,4,0,1.0,80,,UY,Apartment,14
118965,47,1,1,,,0,7,0,1.0,,,UY,Apartment,9
218068,74,3,2,,,0,,0,0.67,288,,UY,Apartment,17
166000,38,1,1,,,0,,0,1.0,112,,UY,Apartment,16
95000,45,1,1,,,0,2,0,1.0,95,,UY,Apartment,13
132000,49,1,1,,,0,,0,1.0,,,UY,Apartment,14
187200,48,1,1,,10,1,5,0,1.0,,,UY,Apartment,18
170000,47,1,1,,10,1,5,0,1.0,,,UY,Apartment,17
138282,44,1,1,,,0,8,0,1.0,100,,UY,Apartment,15
128000,44,1,1,,,0,2,0,1.0,100,,UY,Apartment,15
147692,48,1,1,,,0,,0,1.0,202,1,UY | una joya de menos de 1 año de antigüedad | venta,Apartment,11
175000,40,1,1,,,0,,0,1.0,,,UY,Apartment,20
148500,40,1,1,,,0,,0,1.0,,,UY,Apartment,19
153500,40,1,1,,,0,,0,1.0,,,UY,Apartment,19
151000,40,1,1,,,0,,0,1.0,,,UY,Apartment,19
166094,62,2,1,,,0,,0,0.5,223,1,UY | listo para ser su nuevo hogar. Con una antigüedad menor a un año | este espectacular apartamento a estrenar,Apartment,12
218068,78,3,2,,,0,1,0,0.67,337,1,UY,Apartment,11
259971,88,3,2,,,0,,0,0.67,300,,UY,Apartment,21
152900,34,1,1,,,0,,0,1.0,,,UY,Apartment,15
218000,56,2,1,,,0,,0,0.5,138,,UY,Apartment,15
168000,37,1,1,,,0,,0,1.0,138,,UY,Apartment,21
310000,60,2,2,,,0,,0,1.0,261,,UY,Apartment,17
199000,63,2,2,,,0,,0,1.0,325,,UY,Apartment,17
215000,77,3,2,,,0,,0,0.67,275,9,UY,Apartment,16
370000,105,3,2,,,0,,0,0.67,338,,UY,Apartment,18
543000,104,3,1,,,0,,0,0.33,,,UY,Apartment,18
67500,33,1,1,,,0,,0,1.0,50,,UY | con conectividad hacia todo Montevideo. A cu | plena zona comercial,Apartment,15
440000,121,3,3,,,0,,0,1.0,175,9,UY,Apartment,21
210000,70,2,1,,,0,,0,0.5,155,,UY,Apartment,12
175900,47,1,1,,,0,13,1,1.0,,,UY,Apartment,15
364000,85,2,1,,,0,13,1,0.5,,,UY,Apartment,15
319316,70,2,1,,,0,3,0,0.5,,,UY,Apartment,17
262000,54,2,1,,,0,,0,0.5,,,UY,Apartment,14
169316,38,1,1,,,0,3,0,1.0,,,UY,Apartment,17
220000,60,1,1,,,0,,0,1.0,150,,UY,Apartment,14
187000,62,1,1,,,0,,0,1.0,,,UY,Apartment,12
330000,81,2,2,,1,1,,0,1.0,375,,UY,Apartment,20
319316,70,2,1,,,0,4,0,0.5,,,UY,Apartment,15
195000,51,1,1,,,0,6,0,1.0,125,,UY,Apartment,11
249000,62,1,1,,,0,5,0,1.0,150,1,UY,Apartment,12
108500,31,2,1,,,0,5,0,0.5,,,UY,Apartment,12
160850,38,1,1,,,0,,0,1.0,,,UY,Apartment,17
157950,39,1,1,,,0,,0,1.0,,,UY,Apartment,17
230000,55,2,2,,,0,,0,1.0,240,,UY,Apartment,17
248900,55,2,1,,,0,,0,0.5,,,UY,Apartment,16
445000,120,3,3,,,0,,0,1.0,162,,UY,Apartment,14
455000,120,3,3,,,0,2,0,1.0,250,,UY,Apartment,24
455000,120,3,3,,,0,,0,1.0,450,,UY,Apartment,12
195000,39,1,1,,,0,,0,1.0,150,,UY,Apartment,18
590000,160,3,3,,2,1,,0,1.0,500,,UY,Apartment,22
319316,70,2,1,,,0,,0,0.5,,,UY,Apartment,16
164650,38,1,2,,,0,4,0,2.0,,,UY | Montero y Coronel Mora | el corazón de Punta Carretas,Apartment,11
330000,87,2,2,,,0,11,1,1.0,,,UY,Apartment,16
625000,170,3,2,,,0,,0,0.67,1000,30,UY,Apartment,19
166263,39,1,1,,,0,,0,1.0,,,UY,Apartment,15
164650,38,1,1,,,0,,0,1.0,,,UY,Apartment,14
164650,38,1,2,,,0,,0,2.0,,,UY,Apartment,13
173368,35,1,1,,,0,,0,1.0,,,UY,Apartment,15
157950,39,1,1,,,0,4,0,1.0,,,UY,Apartment,15
113000,29,0,1,,,0,11,1,1.0,,,UY,Apartment,10
1100000,300,3,5,,,0,,0,1.67,625,16,UY,Apartment,18
118110,36,1,1,,,0,,0,1.0,122,,UY | Precio contado | TORRE 2,Apartment,16
173680,63,2,1,,,0,,0,0.5,,,UY,Apartment,18
151840,38,1,1,,,0,12,1,1.0,,,UY,Apartment,13
173680,63,2,1,,,0,2,0,0.5,,,UY,Apartment,17
145000,46,1,1,,,0,,0,1.0,,,UY,Apartment,13
170990,63,2,1,,,0,12,1,0.5,,,UY,Apartment,13
168900,63,2,1,,,0,12,1,0.5,,,UY,Apartment,13
176800,63,2,1,,,0,3,0,0.5,,,UY,Apartment,17
186160,63,2,1,,,0,6,0,0.5,,,UY,Apartment,17
147680,46,1,1,,,0,9,1,1.0,,,UY,Apartment,17
139900,60,2,1,,,0,,0,0.5,155,,UY | entre Acevedo Díaz y Cufré | régimen de cooperativa de propietarios. Ubicado sobre calle Mburucuyá,Apartment,15
238000,60,3,1,,,0,,0,0.33,138,,UY,Apartment,18
89000,40,1,1,,,0,,0,1.0,,,UY,Apartment,11
125600,66,1,1,,,0,,0,1.0,,,UY,Apartment,13
176237,58,2,1,,,0,,0,0.5,,,UY,Apartment,9
168000,57,2,1,,,0,,0,0.5,,,UY,Apartment,11
125000,37,1,1,,,0,,0,1.0,3500,,UY,Apartment,14
159615,41,1,1,,,0,11,1,1.0,,,UY,Apartment,13
148400,43,1,1,,,0,11,1,1.0,,,UY,Apartment,13
215340,60,2,1,,,0,11,1,0.5,,,UY,Apartment,13
680000,222,3,3,,2,1,,0,1.0,992,,UY,Apartment,23
115000,32,0,1,,,0,9,1,1.0,88,,UY,Apartment,7
145196,55,1,1,,,0,,0,1.0,,,UY,Apartment,11
148986,38,1,1,,,0,,0,1.0,,,UY,Apartment,10
114497,31,,1,,,0,,0,1.0,,,UY,Apartment,10
124468,33,,1,,,0,,0,1.0,,,UY,Apartment,10
114497,32,0,1,,,0,,0,1.0,,,UY,Apartment,18
142496,38,1,1,,,0,,0,1.0,,,UY,Apartment,13
155969,41,1,1,,,0,,0,1.0,,,UY,Apartment,13
225596,60,2,1,,,0,,0,0.5,,,UY,Apartment,12
149500,40,1,1,,,0,,0,1.0,125,,UY,Apartment,15
128861,32,0,1,,,0,,0,1.0,,,UY,Apartment,9
122798,32,0,1,,,0,,0,1.0,,,UY,Apartment,9
122119,32,0,1,,,0,,0,1.0,,,UY,Apartment,9
152500,55,2,1,,,0,,0,0.5,,,UY,Apartment,11
195000,79,2,1,,,0,,0,0.5,,,UY,Apartment,9
147200,41,1,1,,,0,11,1,1.0,,,UY,Apartment,19
140800,41,1,1,,,0,11,1,1.0,,,UY,Apartment,19
145000,50,1,1,,,0,,0,1.0,,,UY,Apartment,16
135000,53,1,1,,,0,,0,1.0,75,,UY,Apartment,16
135000,46,1,1,,,0,,0,1.0,,,UY,Apartment,16
125000,36,1,1,,,0,,0,1.0,,,UY,Apartment,16
129000,46,1,1,,,0,,0,1.0,,,UY,Apartment,12
154900,47,2,1,,,0,,0,0.5,112,,UY,Apartment,20
114900,56,2,1,,,0,,0,0.5,66,,UY,Apartment,15
155000,52,2,1,,,0,,0,0.5,,,UY,Apartment,16
142500,104,3,2,,,0,,0,0.67,70,,UY,Apartment,11
176000,92,2,1,,,0,,0,0.5,,,UY,Apartment,15
116000,35,0,1,,,0,11,1,1.0,,,UY,Apartment,15
125550,50,0,1,,,0,,0,1.0,62,,UY,Apartment,13
250000,66,3,1,,,0,12,1,0.33,220,2,UY,Apartment,12
256000,60,2,1,,,0,11,1,0.5,,,UY,Apartment,19
289000,75,3,2,,,0,11,1,0.67,,,UY,Apartment,19
140000,35,1,1,,,0,,0,1.0,158,,UY,Apartment,17
124700,46,1,1,,,0,,0,1.0,,,UY,Apartment,13
135200,45,1,1,,,0,,0,1.0,,,UY,Apartment,12
180000,63,2,1,,,0,,0,0.5,,,UY,Apartment,13
133300,52,2,1,,,0,,0,0.5,,,UY,Apartment,13
171000,63,2,1,,,0,,0,0.5,,,UY,Apartment,12
158163,45,1,1,,,0,,0,1.0,,,UY,Apartment,16
147680,45,1,1,,,0,,0,1.0,,,UY,Apartment,15
189280,63,2,1,,,0,,0,0.5,,,UY,Apartment,16
140800,36,1,1,,,0,,0,1.0,,,UY,Apartment,18
143000,36,1,1,,,0,,0,1.0,,,UY,Apartment,18
256000,52,2,1,,,0,,0,0.5,,,UY,Apartment,18
168990,63,2,1,,,0,22,1,0.5,,,UY,Apartment,16
289000,66,3,2,,,0,,0,0.67,,,UY,Apartment,18
116000,26,0,1,,,0,,0,1.0,,,UY,Apartment,12
145000,150,1,1,,,0,,0,1.0,,,UY,Apartment,15
178666,56,2,1,,,0,,0,0.5,,,UY | ideal para quienes buscan comodidad y estilo en el centro de la ciudad | MET City,Apartment,15
142496,38,1,1,,,0,10,1,1.0,,,UY,Apartment,14
143054,40,1,1,,,0,1,0,1.0,,,UY,Apartment,19
172000,54,2,1,,,0,7,0,0.5,,,UY,Apartment,18
143054,40,1,1,,,0,10,1,1.0,,,UY,Apartment,14
148905,39,1,1,,,0,1,0,1.0,,,UY,Apartment,19
148000,41,1,1,,,0,2,0,1.0,,1,UY,Apartment,16
156000,44,1,1,,,0,2,0,1.0,,,UY,Apartment,16
153000,51,1,1,,,0,2,0,1.0,,,UY,Apartment,16
126000,58,2,2,,,0,,0,1.0,,,UY,Apartment,13
128000,40,1,1,,,0,,0,1.0,100,1,UY,Apartment,12
185000,55,2,1,,,0,11,1,0.5,125,1,UY,Apartment,20
165130,55,2,1,3,,0,11,1,0.5,,,UY,Apartment,17
183162,55,2,1,3,,0,11,1,0.5,,,UY,Apartment,22
186396,55,2,1,,,0,11,1,0.5,,,UY,Apartment,15
166404,55,2,1,3,,0,11,1,0.5,,,UY,Apartment,15
263424,66,3,2,4,,0,11,1,0.67,,,UY,Apartment,22
219000,180,5,3,,,0,,0,0.6,339,,UY,Apartment,14
124500,43,1,1,,,0,,0,1.0,120,,UY,Apartment,16
160967,65,2,1,,,0,,0,0.5,,,UY,Apartment,7
124900,32,0,1,,,0,10,1,1.0,,,UY,Apartment,14
100000,33,0,1,,,0,,0,1.0,,,UY,Apartment,13
88000,26,0,1,,,0,1,0,1.0,,,UY,Apartment,13
230000,175,4,3,,,0,,0,0.75,250,,UY,Apartment,17
177568,49,2,1,,,0,,0,0.5,112,1,UY,Apartment,16
143054,40,1,1,,,0,,0,1.0,,,UY,Apartment,12
129000,47,1,1,,,0,,0,1.0,,,UY,Apartment,17
206538,55,2,1,,,0,,0,0.5,,,UY,Apartment,12
212613,55,2,1,,,0,,0,0.5,,,UY,Apartment,12
184973,70,2,1,,,0,69,1,0.5,,,UY,Apartment,12
215802,70,2,1,,,0,69,1,0.5,,,UY,Apartment,12
169500,59,2,1,,,0,,0,0.5,,,UY,Apartment,18
129000,59,1,1,,,0,,0,1.0,,,UY,Apartment,16
184973,56,2,1,,,0,,0,0.5,,,UY,Apartment,15
160967,65,2,1,,,0,,0,0.5,166,1,UY | Montevideo | el Centro,Apartment,12
170000,71,3,2,,,0,3,0,0.67,,,UY,Apartment,18
156000,122,3,2,,,0,,0,0.67,375,,UY,Apartment,19
158700,72,2,1,,,0,,0,0.5,,,UY,Apartment,16
148572,64,1,1,,,0,10,1,1.0,75,,UY,Apartment,13
169500,51,2,1,,,0,,0,0.5,,,UY,Apartment,14
165800,51,2,1,,,0,,0,0.5,,,UY,Apartment,15
170800,51,2,1,,,0,,0,0.5,,,UY,Apartment,15
173800,51,2,1,,,0,,0,0.5,,,UY,Apartment,15
158700,51,2,1,,,0,,0,0.5,,,UY,Apartment,14
166200,51,2,1,,,0,,0,0.5,,,UY,Apartment,14
122119,32,0,1,,,0,,0,1.0,,,UY,Apartment,13
120315,32,0,1,,,0,,0,1.0,,,UY,Apartment,14
264900,78,3,2,,,0,,0,0.67,,,UY,Apartment,19
155321,38,1,1,,,0,,0,1.0,,,UY,Apartment,14
129000,39,1,1,,,0,,0,1.0,,,UY,Apartment,12
138500,39,1,1,,,0,,0,1.0,,,UY,Apartment,13
138500,76,1,1,,,0,,0,1.0,,,UY,Apartment,17
169500,88,2,1,,,0,,0,0.5,,,UY,Apartment,17
264900,118,3,2,,,0,,0,0.67,,,UY,Apartment,16
130213,42,2,1,,,0,,0,0.5,,,UY,Apartment,12
136724,42,1,1,,,0,2,0,1.0,,,UY,Apartment,17
155706,43,1,1,,,0,4,0,1.0,,,UY,Apartment,17
144777,39,1,1,,,0,2,0,1.0,,,UY,Apartment,17
144777,39,1,1,,,0,2,0,1.0,,,UY,Apartment,17
143198,39,1,1,,,0,2,0,1.0,,,UY,Apartment,17
139041,42,1,1,,,0,3,0,1.0,,,UY,Apartment,17
147231,39,1,1,,,0,3,0,1.0,,,UY,Apartment,17
147231,39,1,1,,,0,3,0,1.0,,,UY,Apartment,17
145625,39,1,1,,,0,3,0,1.0,,,UY,Apartment,17
142632,42,1,1,,,0,3,0,1.0,,,UY,Apartment,17
160125,43,1,1,,,0,4,0,1.0,,,UY,Apartment,17
141358,42,1,1,,,0,4,0,1.0,,,UY,Apartment,17
149685,39,1,1,,,0,4,0,1.0,,,UY,Apartment,17
149685,39,1,1,,,0,4,0,1.0,,,UY,Apartment,17
148052,39,1,1,,,0,4,0,1.0,,,UY,Apartment,17
145009,42,1,1,,,0,4,0,1.0,,,UY,Apartment,17
89000,53,1,1,,,0,,0,1.0,38,30,UY,Apartment,17
210000,41,1,1,,,0,,0,1.0,,,UY | a estrenar | zona World Trade Center 10236,Apartment,15
305000,126,2,1,,,0,,0,0.5,,,UY,Apartment,9
189000,85,3,1,,,0,,0,0.33,112,,UY,Apartment,12
276000,67,3,3,,,0,27,1,1.0,450,,UY,,15
276000,67,3,3,,,0,27,1,1.0,450,,UY,,15
276000,67,3,3,,,0,27,1,1.0,450,,UY,,15
174600,47,1,1,,,0,,0,1.0,,,UY,Apartment,13
170000,38,1,1,,,0,,0,1.0,,,UY,Apartment,17
170700,51,1,1,,,0,,0,1.0,,,UY,Apartment,9
172000,49,1,1,,,0,,0,1.0,,,UY,Apartment,9
147000,36,1,1,,,0,,0,1.0,,,UY,Apartment,12
151800,38,1,1,,,0,,0,1.0,,,UY,Apartment,12
195000,47,1,1,,,0,10,1,1.0,188,1,UY,Apartment,20
170000,36,1,1,,,0,,0,1.0,,,UY,Apartment,12
158240,38,1,1,,,0,,0,1.0,,,UY,Apartment,17
130548,38,1,1,,,0,,0,1.0,,,UY,Apartment,17
126420,36,1,1,,,0,,0,1.0,,,UY,Apartment,17
129860,36,1,1,,,0,,0,1.0,,,UY,Apartment,17
136740,38,1,1,,,0,,0,1.0,,,UY,Apartment,18
126420,38,1,1,,,0,,0,1.0,,,UY,Apartment,17
129860,38,1,1,,,0,,0,1.0,,,UY,Apartment,17
171270,37,1,1,,,0,,0,1.0,,,UY,Apartment,16
171000,37,1,1,,,0,,0,1.0,,,UY,Apartment,17
219000,63,2,1,,,0,,0,0.5,138,,UY | en la tranquilidad de la calle Donizetti | Solaris Buceo. Ubicado en la zona mas linda del Buceo,Apartment,14
319200,118,2,1,,,0,,0,0.5,,,UY,Apartment,9
305900,127,2,1,,,0,,0,0.5,,,UY,Apartment,9
150000,65,2,1,,,0,,0,0.5,150,,UY,Apartment,15
198500,61,2,2,,,0,,0,1.0,245,9,UY,Apartment,15
170700,36,1,1,,,0,,0,1.0,,,UY,Apartment,13
166300,36,1,1,,,0,,0,1.0,,,UY,Apartment,13
171270,36,1,1,,,0,,0,1.0,,,UY,Apartment,13
172000,37,1,1,,,0,,0,1.0,,,UY,Apartment,13
319200,54,2,2,,,0,,0,1.0,,,UY,Apartment,13
229010,123,2,2,,,0,,0,1.0,162,,UY,Apartment,15
167146,87,1,1,,,0,,0,1.0,115,,UY,Apartment,15
335200,62,2,1,,,0,4,0,0.5,,,UY,Apartment,13
171270,47,1,1,,,0,,0,1.0,,,UY,Apartment,9
158240,38,1,1,,1,1,,0,1.0,,,UY,Apartment,13
130548,38,1,1,,1,1,,0,1.0,,,UY,Apartment,13
231240,61,2,2,,2,1,,0,1.0,,,UY,Apartment,14
188000,45,1,1,,,0,,0,1.0,200,1,UY,Apartment,17
150700,52,2,1,,,0,11,1,0.5,,,UY,Apartment,13
155000,72,2,1,,,0,,0,0.5,,,UY | donde confluyen tres de los más importantes conectores de Montevi | una ubicación neurálgica en la ciudad,Apartment,10
136000,40,1,1,,,0,,0,1.0,100,,UY,Apartment,13
232000,35,1,1,,,0,,0,1.0,,,UY,Apartment,13
138200,43,1,1,,,0,80,1,1.0,,,UY,Apartment,14
190790,62,2,1,,,0,1,0,0.5,,,UY,Apartment,17
230400,61,2,1,,,0,7,0,0.5,,,UY,Apartment,17
160000,42,1,1,,,0,4,0,1.0,88,,UY,Apartment,11
120400,47,1,1,,,0,80,1,1.0,,,UY,Apartment,15
195955,38,2,1,4,,0,,0,0.5,178,,UY,Apartment,13
138100,40,1,1,,,0,80,1,1.0,,,UY,Apartment,15
113400,30,1,1,,,0,80,1,1.0,,,UY,Apartment,15
91600,34,,1,,,0,,0,1.0,70,,UY,Apartment,14
103950,28,0,1,,,0,1,0,1.0,,,UY,Apartment,14
129500,41,0,1,,,0,,0,1.0,,,UY,Apartment,10
121500,35,1,1,,,0,,0,1.0,,,UY,Apartment,10
146459,34,1,1,,,0,,0,1.0,100,1,UY | CON UN DISEÑO MODERNO | LA BLANQUEADA UNO DE LOS BARRIOS TIPICOS DE MONTEVIDEO,Apartment,11
110000,55,1,1,,,0,,0,1.0,3000,,UY,Apartment,11
189000,105,3,2,,,0,,0,0.67,146,,UY,Apartment,11
198988,70,2,1,,2,1,70,1,0.5,,,UY,Apartment,17
143700,45,1,1,,,0,,0,1.0,,,UY,Apartment,16
138100,42,1,1,,,0,9,1,1.0,,,UY,Apartment,19
154600,49,1,1,,,0,10,1,1.0,,1,UY,Apartment,15
183200,49,1,1,,,0,10,1,1.0,,1,UY,Apartment,15
164300,44,1,1,,,0,10,1,1.0,,,UY,Apartment,15
161900,42,1,1,,,0,10,1,1.0,,1,UY,Apartment,15
181300,54,1,1,,,0,8,0,1.0,,1,UY,Apartment,15
152700,49,1,1,,,0,9,1,1.0,,1,UY,Apartment,15
185000,56,2,2,,,0,,0,1.0,250,,UY,Apartment,16
164500,56,2,1,,,0,,0,0.5,,,UY,Apartment,15
185400,70,2,1,,,0,,0,0.5,,,UY,Apartment,16
174972,61,2,1,,,0,,0,0.5,,,UY,Apartment,12
145000,39,2,1,,,0,,0,0.5,84,,UY,Apartment,18
176000,61,2,1,,,0,5,0,0.5,200,,UY,Apartment,16
176000,61,2,1,,,0,5,0,0.5,200,,UY,Apartment,16
190500,62,2,1,,,0,1,0,0.5,,,UY,Apartment,15
265700,83,2,1,,,0,8,0,0.5,,1,UY,Apartment,15
206500,59,2,1,,,0,8,0,0.5,,1,UY,Apartment,15
193400,65,2,1,,,0,8,0,0.5,,1,UY,Apartment,15
149827,59,1,1,,2,1,70,1,1.0,,,UY,Apartment,17
189000,105,3,2,,,0,,0,0.67,150,,UY,Apartment,18
155200,56,2,1,,,0,,0,0.5,,,UY,Apartment,15
162800,72,2,1,,,0,,0,0.5,,,UY,Apartment,15
93609,28,0,1,,,0,,0,1.0,,,UY | un moderno monoambiente en venta | La Blanqueada! Te presentamos BeOne DeBritos,Apartment,12
122600,40,1,1,,,0,,0,1.0,,,UY,Apartment,15
155000,40,1,1,,,0,,0,1.0,,,UY,Apartment,15
131500,46,1,1,,,0,,0,1.0,,1,UY,Apartment,13
147000,43,1,1,,,0,,0,1.0,,,UY,Apartment,16
148000,45,1,1,,,0,11,1,1.0,,,UY,Apartment,17
89000,35,1,1,,,0,,0,1.0,,,UY,Apartment,14
191900,47,1,1,,,0,,0,1.0,,,UY,Apartment,11
189400,47,1,1,,,0,,0,1.0,,,UY,Apartment,11
194000,37,1,1,,,0,,0,1.0,,,UY,Apartment,11
254900,48,2,1,,,0,,0,0.5,,,UY,Apartment,11
444900,78,3,2,,,0,,0,0.67,,,UY,Apartment,11
345003,65,2,2,,,0,,0,1.0,,,UY,Apartment,17
184230,43,1,1,,,0,1,0,1.0,,,UY,Apartment,16
325226,60,2,1,,,0,,0,0.5,,,UY,Apartment,15
328285,56,2,2,,,0,,0,1.0,,,UY,Apartment,16
287730,61,2,2,,,0,3,0,1.0,,,UY,Apartment,15
300150,68,2,2,,,0,3,0,1.0,,,UY,Apartment,17
304042,63,2,2,,,0,4,0,1.0,,,UY,Apartment,17
293485,61,2,2,,,0,4,0,1.0,,,UY,Apartment,15
205000,35,1,1,,,0,,0,1.0,,,UY,Apartment,16
178020,35,1,1,,,0,1,0,1.0,,,UY,Apartment,16
198720,40,1,1,,,0,1,0,1.0,,,UY,Apartment,16
181580,35,1,1,,,0,2,0,1.0,,,UY,Apartment,16
192137,43,1,1,,,0,2,0,1.0,,,UY,Apartment,17
219000,65,3,1,,,0,,0,0.33,188,41,UY,Apartment,13
178020,40,1,1,,,0,,0,1.0,,,UY,Apartment,11
178020,35,1,1,,,0,,0,1.0,,,UY,Apartment,18
122000,30,1,1,,,0,4,0,1.0,135,,UY,Apartment,13
89000,55,2,1,,,0,,0,0.5,125,,UY,Apartment,12
295000,,2,2,,,0,,0,1.0,250,,UY,Apartment,16
287730,60,2,2,,,0,,0,1.0,150,1,"UY | la | ""Barrio Jardín""",Apartment,17
114475,30,1,1,,,0,,0,1.0,75,,UY,Apartment,14
195000,41,1,1,,,0,8,0,1.0,,,UY,Apartment,16
200000,41,1,1,,,0,9,1,1.0,,,UY,Apartment,16
205000,41,1,1,,,0,10,1,1.0,,,UY,Apartment,16
210000,41,1,1,,,0,11,1,1.0,,,UY,Apartment,16
208000,41,1,1,,,0,1,0,1.0,,,UY,Apartment,16
195000,41,1,1,,,0,2,0,1.0,,,UY,Apartment,17
213000,41,1,1,,,0,11,1,1.0,,,UY,Apartment,16
195000,43,1,1,,,0,2,0,1.0,,,UY,Apartment,17
173000,41,1,1,,,0,5,0,1.0,,,UY,Apartment,16
178000,41,1,1,,,0,6,0,1.0,,,UY,Apartment,16
203000,41,1,1,,,0,11,1,1.0,,,UY,Apartment,16
208000,41,1,1,,,0,12,1,1.0,,,UY,Apartment,16
145500,38,1,1,,,0,,0,1.0,,,UY,Apartment,16
211500,42,1,1,,,0,,0,1.0,,,UY,Apartment,16
264500,79,2,1,,,0,,0,0.5,,,UY,Apartment,13
216500,42,1,1,,,0,,0,1.0,,,UY,Apartment,16
170000,38,1,1,,,0,,0,1.0,,,UY,Apartment,15
175000,38,1,1,,,0,,0,1.0,,,UY,Apartment,15
195000,38,1,1,,,0,,0,1.0,,,UY,Apartment,15
200000,38,1,1,,,0,,0,1.0,,,UY,Apartment,15
145500,38,1,1,,,0,,0,1.0,,,UY,Apartment,15
150000,62,1,1,,,0,,0,1.0,100,,UY,Apartment,15
205155,43,1,1,,,0,10,1,1.0,,,UY,Apartment,16
215000,63,2,1,,,0,7,0,0.5,,,UY,Apartment,18
238000,,2,1,,,0,10,1,0.5,225,1,UY,Apartment,15
329500,75,2,2,,,0,,0,1.0,,,UY,Apartment,13
274500,79,2,1,,,0,,0,0.5,,,UY,Apartment,14
279500,79,2,1,,,0,,0,0.5,,,UY,Apartment,13
294500,79,2,2,,,0,,0,1.0,,,UY,Apartment,13
299500,79,2,2,,,0,,0,1.0,,,UY,Apartment,13
254500,79,2,1,,,0,,0,0.5,,,UY,Apartment,13
312000,79,2,1,,,0,,0,0.5,,,UY,Apartment,13
317500,79,2,1,,,0,,0,0.5,,,UY,Apartment,14
217000,42,1,1,,,0,,0,1.0,,,UY,Apartment,15
254500,90,2,2,,,0,,0,1.0,,,UY,Apartment,14
170000,38,0,1,,,0,,0,1.0,,,UY,Apartment,16
175000,39,0,1,,,0,,0,1.0,,,UY,Apartment,16
185000,38,0,1,,,0,,0,1.0,,,UY,Apartment,16
212000,42,0,1,,,0,,0,1.0,,,UY,Apartment,16
211500,43,0,1,,,0,,0,1.0,,,UY,Apartment,16
216500,41,0,1,,,0,,0,1.0,,,UY,Apartment,16
184230,42,1,1,,,0,,0,1.0,,,UY | denominada “Barrio Jardín” | la zona más exclusiva de Parque Rodó,Apartment,13
325226,60,2,2,,,0,,0,1.0,,,UY | denominada “Barrio Jardín” | la zona más exclusiva de Parque Rodó,Apartment,13
240000,96,3,2,,,0,,0,0.67,370,,UY,Apartment,8
306500,90,2,2,,,0,,0,1.0,,,UY,Apartment,16
299500,90,2,2,,,0,,0,1.0,,,UY,Apartment,14
279500,90,2,2,,,0,,0,1.0,,,UY,Apartment,14
269500,90,2,2,,,0,,0,1.0,,,UY,Apartment,14
317500,90,2,2,,,0,,0,1.0,,,UY,Apartment,16
274550,118,2,2,,,0,,0,1.0,,,UY,Apartment,15
195000,78,1,1,,,0,,0,1.0,,,UY,Apartment,15
195000,102,1,1,,,0,,0,1.0,,,UY,Apartment,15
115000,41,2,1,,,0,4,0,0.5,115,30,UY,Apartment,15
143000,58,2,1,,,0,,0,0.5,69,,UY,Apartment,13
78000,37,0,1,,,0,,0,1.0,,,UY,Apartment,14
108000,50,1,1,,,0,,0,1.0,,,UY,Apartment,12
119000,62,2,1,,,0,,0,0.5,150,,UY,Apartment,18
85000,39,0,1,,,0,,0,1.0,138,30,UY,Apartment,9
97000,35,0,1,,,0,,0,1.0,,,UY | sobre misiones y sarandi | ciudad vieja,Apartment,13
78000,37,,1,,,0,,0,1.0,,,UY | en la intersección de Misiones y Sarandí | el corazón de Ciudad Vieja,Apartment,14
110000,45,1,1,,,0,,0,1.0,142,9,UY,Apartment,18
130000,41,1,1,,,0,,0,1.0,172,9,UY,Apartment,15
146459,54,1,1,,,0,,0,1.0,,,UY,Apartment,12
198500,69,2,1,,,0,,0,0.5,,,UY,Apartment,14
161500,41,1,1,,,0,,0,1.0,,,UY,Apartment,17
168000,41,1,1,,,0,,0,1.0,,,UY,Apartment,18
153593,38,1,1,,,0,,0,1.0,,,UY,Apartment,10
154900,34,1,1,,,0,,0,1.0,,,UY,Apartment,10
195955,52,2,1,,,0,,0,0.5,,,UY,Apartment,10
132900,32,2,1,,,0,6,0,0.5,,,UY,Apartment,11
140000,50,2,1,,,0,,0,0.5,125,,UY,Apartment,15
145000,32,1,1,,,0,,0,1.0,100,,UY,Apartment,9
146459,32,1,1,,,0,,0,1.0,100,,UY,Apartment,9
153593,38,1,1,,,0,,0,1.0,100,,UY,Apartment,9
154900,33,1,1,,,0,,0,1.0,100,,UY,Apartment,9
195955,52,2,1,,,0,,0,0.5,125,,UY,Apartment,9
191409,48,2,1,,,0,,0,0.5,125,,UY,Apartment,9
187443,52,2,1,,,0,,0,0.5,125,,UY,Apartment,9
330000,125,3,3,,,0,25,1,1.0,511,,UY,Apartment,22
108000,26,0,1,,,0,,0,1.0,100,,UY,Apartment,9
110000,23,0,1,,,0,,0,1.0,50,,UY,Apartment,9
119000,23,0,1,,,0,,0,1.0,50,,UY,Apartment,9
210000,100,3,1,,,0,,0,0.33,188,,UY,Apartment,16
113000,40,2,1,,,0,,0,0.5,75,30,UY,Apartment,13
170000,41,1,1,,,0,,0,1.0,,,UY,Apartment,9
229500,57,2,1,,,0,10,1,0.5,,,UY,Apartment,12
194000,60,2,1,,,0,10,1,0.5,,,UY,Apartment,12
210000,75,3,1,,,0,,0,0.33,188,,UY,Apartment,9
145000,45,2,1,,,0,,0,0.5,85,30,UY,Apartment,12
131500,49,2,1,,,0,,0,0.5,70,9,UY,Apartment,14
163300,41,0,1,,,0,,0,1.0,,,UY,Apartment,16
168000,41,1,1,,,0,,0,1.0,,,UY,Apartment,16
164500,42,1,1,,,0,,0,1.0,,,UY,Apartment,18
161500,42,1,1,,,0,,0,1.0,,,UY,Apartment,16
164500,42,0,1,,,0,,0,1.0,,,UY,Apartment,16
186500,41,0,1,,,0,,0,1.0,,,UY,Apartment,16
145030,32,1,1,,,0,,0,1.0,,,UY,Apartment,13
170000,42,1,1,,,0,,0,1.0,,,UY,Apartment,20
215000,39,1,1,,,0,,0,1.0,,,UY,Apartment,20
168000,42,1,1,,,0,,0,1.0,,,UY,Apartment,20
159500,41,1,1,,,0,,0,1.0,,,UY,Apartment,20
198500,60,0,1,,,0,,0,1.0,,,UY,Apartment,16
206000,61,2,1,,,0,,0,0.5,,,UY,Apartment,18
198500,61,2,1,,,0,,0,0.5,,,UY,Apartment,18
202000,60,2,1,,,0,,0,0.5,,,UY,Apartment,16
229500,57,0,1,,,0,,0,1.0,,,UY,Apartment,16
194000,60,0,1,,,0,,0,1.0,,,UY,Apartment,16
194000,61,2,1,,,0,,0,0.5,,,UY,Apartment,20
232000,52,2,1,,,0,,0,0.5,,,UY,Apartment,20
229500,58,2,1,,,0,,0,0.5,,,UY,Apartment,20
190500,60,2,1,,,0,,0,0.5,,,UY,Apartment,20
201000,80,2,2,,,0,4,0,1.0,,,UY,Apartment,18
309000,67,2,2,,,0,,0,1.0,322,,UY,Apartment,19
162000,42,1,1,,,0,5,0,1.0,175,,UY,Apartment,15
148720,42,1,1,,,0,3,0,1.0,175,,UY,Apartment,15
167000,60,2,1,,,0,3,0,0.5,200,,UY,Apartment,15
218000,58,2,1,,,0,3,0,0.5,200,,UY,Apartment,15
114500,30,0,1,,,0,,0,1.0,150,,UY,Apartment,15
98900,30,2,1,,,0,,0,0.5,75,,UY | GROU® Hábitat propone un estilo de vida conectado | la ciudad,Apartment,14
101500,30,2,1,,,0,,0,0.5,,,UY | GROU® Hábitat propone un estilo de vida conec | la ciudad,Apartment,14
290000,85,3,2,,,0,,0,0.67,,,UY,Apartment,17
295000,117,3,2,,,0,,0,0.67,110,,UY,Apartment,21
122331,32,1,1,,,0,,0,1.0,100,,UY | llega para sumar y aportar modernidad | el barrio de Parque Batlle,Apartment,12
181700,50,2,1,,,0,,0,0.5,125,,UY | llega para sumar y aportar modernidad | el barrio de Parque Batlle,Apartment,12
267000,60,2,1,,,0,,0,0.5,,,UY,Apartment,18
123523,3,1,1,,,0,,0,1.0,,,UY,Apartment,16
175538,65,2,1,,,0,,0,0.5,,,UY,Apartment,15
174500,52,1,1,,,0,,0,1.0,,,UY,Apartment,11
170000,55,1,1,,,0,,0,1.0,,,UY,Apartment,11
168000,49,1,1,,,0,,0,1.0,,,UY,Apartment,11
161500,50,1,1,,,0,,0,1.0,,,UY,Apartment,11
194000,70,2,1,,,0,,0,0.5,,,UY,Apartment,11
183000,67,2,1,,,0,,0,0.5,112,1,UY,Apartment,15
132200,46,1,1,,,0,,0,1.0,,,UY,Apartment,12
190200,52,2,1,,,0,,0,0.5,,,UY,Apartment,12
153900,49,2,1,,,0,,0,0.5,,,UY,Apartment,12
120000,59,1,1,,,0,,0,1.0,120,30,UY,Apartment,15
207936,70,3,2,,,0,10,1,0.67,,,UY,Apartment,15
217971,70,3,2,,,0,10,1,0.67,,,UY,Apartment,15
129000,55,2,1,,,0,,0,0.5,,,UY,Apartment,13
104385,40,1,1,,,0,11,1,1.0,,,UY | sobre esquina | el corazón del barrio La Aguada,Apartment,11
129000,55,2,1,,,0,,0,0.5,,,UY,Apartment,12
225982,71,3,2,,,0,,0,0.67,,,UY,Apartment,17
85000,46,2,1,,,0,,0,0.5,,,UY,Apartment,13
105000,75,2,1,,,0,,0,0.5,,,UY,Apartment,13
95000,45,2,1,,,0,1,0,0.5,95,,UY,Apartment,12
129000,55,2,1,,,0,,0,0.5,,,UY,Apartment,12
149000,69,2,1,,,0,,0,0.5,116,,UY,Apartment,17
130000,54,2,1,,,0,,0,0.5,28,1,UY,Apartment,14
129000,97,2,1,,,0,,0,0.5,,,UY,Apartment,12
191108,54,2,1,,,0,,0,0.5,175,,UY | manteniendo la tempe | verano,Apartment,15
159500,51,2,1,,,0,,0,0.5,175,,UY | manteniendo la temp | verano,Apartment,15
177427,52,2,1,,,0,1,0,0.5,175,,UY,Apartment,21
161095,54,2,1,,,0,1,0,0.5,175,,UY,Apartment,21
129000,55,2,1,,,0,,0,0.5,,,UY,Apartment,12
129000,97,2,1,,,0,,0,0.5,,,UY,Apartment,12
171726,70,2,1,,,0,11,1,0.5,,,UY,Apartment,15
165945,71,2,1,,,0,8,0,0.5,,,UY | 1 | la ciudad. Apartamentos versátiles y cálidos. Monoambientes,Apartment,15
196000,69,2,1,,,0,9,1,0.5,,,UY | 1 | la ciudad. Apartamentos versátiles y cálidos. Monoambientes,Apartment,15
161095,71,2,1,,,0,7,0,0.5,,,UY | 1 | la ciudad. Apartamentos versátiles y cálidos. Monoambientes,Apartment,15
162000,81,2,1,,,0,,0,0.5,,,UY,Apartment,16
207936,70,3,2,,,0,10,1,0.67,,,UY,Apartment,16
55000,38,1,1,,,0,,0,1.0,138,,UY,Apartment,15
129000,97,2,1,,,0,,0,0.5,,,UY,Apartment,14
161095,54,2,1,,,0,,0,0.5,125,,UY,Apartment,15
129000,67,3,1,,,0,,0,0.33,75,,UY,Apartment,14
145000,63,3,1,,,0,,0,0.33,188,,UY,Apartment,16
165945,53,2,1,,,0,,0,0.5,,,UY,Apartment,12
161095,53,2,1,,,0,,0,0.5,,,UY,Apartment,12
129000,56,2,1,,,0,,0,0.5,,,UY,Apartment,11
115000,52,1,1,,,0,,0,1.0,,1,UY,Apartment,15
91500,28,1,1,,,0,,0,1.0,62,1,UY,Apartment,10
161000,53,2,1,,,0,,0,0.5,112,,UY,Apartment,10
355000,145,2,2,,,0,,0,1.0,921,,UY,Apartment,17
850000,266,3,3,,,0,,0,1.0,2000,,UY,Apartment,13
850000,266,3,3,,,0,,0,1.0,2000,,UY,Apartment,13
980000,342,4,3,,,0,,0,0.75,2800,,UY,Apartment,14
480000,140,2,2,,,0,,0,1.0,1300,,UY,Apartment,12
680000,247,2,2,,,0,,0,1.0,1750,,UY,Apartment,13
650000,253,2,2,,,0,,0,1.0,1750,,UY,Apartment,13
315000,90,0,3,,,0,,0,3.0,1543,,UY,Apartment,13
200000,78,3,2,,,0,,0,0.67,338,,UY,Apartment,21
290000,134,3,2,,,0,,0,0.67,750,,UY,Apartment,17
245191,55,2,1,,,0,13,1,0.5,,,UY,Apartment,17
182597,42,1,1,,,0,10,1,1.0,,,UY,Apartment,18
198503,42,1,1,,,0,16,1,1.0,,,UY,Apartment,18
180647,42,1,1,,,0,17,1,1.0,,,UY,Apartment,18
200472,42,1,1,,,0,17,1,1.0,,,UY,Apartment,18
186366,42,1,1,,,0,18,1,1.0,,,UY,Apartment,18
184660,42,1,1,,,0,19,1,1.0,,,UY,Apartment,18
204468,42,1,1,,,0,19,1,1.0,,,UY,Apartment,18
141829,56,1,1,,,0,,0,1.0,,,UY,Apartment,17
242528,78,2,1,,,0,,0,0.5,,,UY,Apartment,17
299875,101,3,2,,,0,,0,0.67,,,UY,Apartment,17
245000,49,1,1,,,0,,0,1.0,750,,UY,Apartment,13
260000,85,2,2,,,0,,0,1.0,600,,UY,Apartment,14
358000,140,2,2,,,0,,0,1.0,500,,UY | Punta del Este | Venta De Dormitorios En Ocean Drive Ii,Apartment,21
170000,65,2,2,,,0,,0,1.0,1200,,UY,Apartment,13
170000,65,2,2,,,0,,0,1.0,1200,,UY,Apartment,13
156000,71,2,2,,,0,,0,1.0,462,,UY | Punta del Este | Venta,Apartment,12
156000,71,2,2,,,0,,0,1.0,462,,UY | Punta del Este | Venta,Apartment,12
132515,32,0,1,,,0,15,1,1.0,,,UY,Apartment,15
133840,32,0,1,,,0,16,1,1.0,,,UY,Apartment,15
137896,32,0,1,,,0,19,1,1.0,,,UY,Apartment,15
156000,71,2,2,,,0,,0,1.0,462,,UY | Punta del Este | Venta De Dormitorios En Roosevelt,Apartment,12
220000,42,1,1,,,0,,0,1.0,,,UY,Apartment,22
220000,42,1,1,,,0,,0,1.0,,,UY,Apartment,22
220000,42,1,1,,,0,,0,1.0,,,UY,Apartment,22
220000,42,1,1,,,0,,0,1.0,,,UY,Apartment,22
395000,135,3,3,,,0,,0,1.0,625,16,UY,Apartment,21
170000,50,1,1,,,0,,0,1.0,500,,UY,Apartment,11
260000,58,0,1,,,0,6,0,1.0,,,UY,Apartment,11
156000,71,2,2,,,0,,0,1.0,462,,UY,Apartment,12
315000,58,2,1,,,0,21,1,0.5,250,1,UY,Apartment,19
850000,424,4,4,,,0,,0,1.0,,,UY,Apartment,15
280000,85,2,2,,,0,,0,1.0,2175,,UY | se encuentra este departamento de amplia planta | una de las torres más tradicionales de Punta del Este,Apartment,14
1250000,225,3,3,,,0,,0,1.0,,,UY,Apartment,12
525000,180,3,2,,,0,,0,0.67,1600,,UY,Apartment,18
360000,124,2,2,,,0,,0,1.0,775,,UY | Punta del Este | Venta Con Vista A Playa Brava,Apartment,22
500000,134,3,2,,,0,,0,0.67,1100,,UY | Punta del Este | Venta De Dormitorios En Playa Brava,Apartment,17
280000,,3,2,,,0,,0,0.67,1612,,UY | Punta del Este | Venta De Dormitorios En Playa Brava,Apartment,16
280000,,3,2,,,0,,0,0.67,1612,,UY | Punta del Este | Venta De Dormitorios En Playa Brava,Apartment,16
280000,82,3,2,,,0,,0,0.67,588,,UY,Apartment,16
280000,82,3,2,,,0,,0,0.67,588,,UY,Apartment,16
280000,82,3,2,,,0,,0,0.67,588,,UY,Apartment,16
280000,82,3,2,,,0,,0,0.67,588,,UY,Apartment,16
280000,82,3,2,,,0,,0,0.67,588,,UY,Apartment,16
525000,171,3,4,,,0,,0,1.33,1550,,UY,Apartment,25
594555,158,3,3,,,0,85,1,1.0,,,UY,Apartment,16
820000,230,3,4,,,0,,0,1.33,1000,,UY,Apartment,17
169231,230,3,4,,,0,,0,1.33,1000,,UY,Apartment,17
1650000,310,3,3,,,0,26,1,1.0,1800,,UY,Apartment,13
525000,171,3,4,,,0,,0,1.33,1550,,UY,Apartment,19
525000,171,3,4,,,0,,0,1.33,1550,,UY,Apartment,19
525000,171,3,4,,,0,,0,1.33,1550,,UY,Apartment,19
525000,171,3,4,,,0,,0,1.33,3824,,UY,Apartment,13
525000,171,3,4,,,0,,0,1.33,1550,,UY,Apartment,19
525000,171,3,4,,,0,,0,1.33,1550,,UY,Apartment,19
2060000,203,2,3,,,0,,0,1.5,2000,,UY,Apartment,8
5460000,420,3,4,,,0,,0,1.33,4200,,UY | Punta del Este | Cipriani,Apartment,8
10530000,810,5,6,,,0,,0,1.2,8100,,UY | Punta del Este | Cipriani,Apartment,9
21060000,2,6,8,,,0,,0,1.33,16200,,UY | Punta del Este | Cipriani,Apartment,4
360000,106,2,2,,,0,,0,1.0,718,,UY,Apartment,17
1400000,238,4,5,,,0,,0,1.25,1118,1,UY,Apartment,15
395000,117,3,3,,,0,,0,1.0,770,,UY,Apartment,14
240000,48,1,1,,,0,,0,1.0,250,,UY,Apartment,28
280000,82,3,2,,,0,,0,0.67,588,,UY,Apartment,16
750000,180,3,3,,,0,,0,1.0,125,,UY,Apartment,11
770000,140,3,3,,,0,,0,1.0,,,UY,Apartment,22
770000,140,3,3,,,0,,0,1.0,,,UY,Apartment,23
400000,140,3,2,,,0,,0,0.67,,,UY | Punta del Este | Venta De Dormitorios En Casino Tower,Apartment,17
245000,67,2,2,,,0,,0,1.0,330,,UY,Apartment,20
154000,39,1,1,,,0,,0,1.0,825,,UY | Punta del Este | Venta De Dormitorio En Playa Mansa,Apartment,12
380000,93,2,2,,,0,,0,1.0,800,,UY,Apartment,14
565000,160,3,2,,,0,,0,0.67,612,,UY | Punta del Este | Venta De Dormitorios En Edificio Malecon Iv,Apartment,20
370000,142,4,3,,,0,,0,0.75,938,,UY,Apartment,18
154000,39,1,1,,,0,,0,1.0,825,,UY,Apartment,12
540000,89,2,2,,,0,,0,1.0,575,,UY,Apartment,17
225000,72,2,1,,,0,,0,0.5,,,UY,Apartment,17
165000,47,2,1,,,0,,0,0.5,,,UY,Apartment,16
212000,72,2,1,,,0,,0,0.5,,,UY,Apartment,17
170000,72,1,1,,2,1,,0,1.0,,,UY,Apartment,14
168000,55,2,1,,,0,,0,0.5,,,UY,Apartment,15
513500,95,3,2,,,0,,0,0.67,350,,UY,Apartment,18
358000,81,3,2,,,0,3,0,0.67,,,UY,Apartment,17
130000,70,2,1,,,0,,0,0.5,,,UY,Apartment,8
309000,106,3,2,,2,1,45,1,0.67,,,UY,Apartment,13
197500,61,2,1,,,0,,0,0.5,,,UY,Apartment,17
228300,43,1,1,5,,0,,0,1.0,,,UY,Apartment,15
405300,92,3,2,,,0,,0,0.67,,,UY,Apartment,19
217000,72,2,1,,,0,,0,0.5,,,UY,Apartment,17
415000,120,3,2,,,0,1,0,0.67,475,,UY,Apartment,19
310000,109,2,1,,,0,,0,0.5,,,UY,Apartment,12
225000,60,2,1,,,0,6,0,0.5,150,,UY,Apartment,6
195500,40,1,1,,,0,,0,1.0,,,UY,Apartment,18
180000,48,3,1,,,0,,0,0.33,,1,UY,Apartment,13
248535,67,3,1,,,0,,0,0.33,,1,UY,Apartment,13
287000,80,2,1,,,0,,0,0.5,,,UY,Apartment,11
258000,60,2,1,,,0,4,0,0.5,250,,UY,Apartment,17
189630,57,1,1,,,0,,0,1.0,,,UY,Apartment,13
210000,63,2,1,,,0,,0,0.5,212,,UY,Apartment,15
280000,64,2,1,,,0,,0,0.5,362,,UY,Apartment,10
248535,66,2,1,,,0,,0,0.5,,,UY,Apartment,13
280000,61,2,1,,,0,,0,0.5,162,,UY,Apartment,18
310000,75,2,1,,,0,,0,0.5,212,,UY,Apartment,16
280000,61,2,1,,,0,,0,0.5,212,,UY,Apartment,15
197500,60,2,1,,,0,,0,0.5,,,UY,Apartment,18
264000,77,2,1,,,0,,0,0.5,,,UY,Apartment,16
290000,64,2,1,,,0,,0,0.5,,,UY,Apartment,18
431000,102,3,2,,,0,,0,0.67,262,,UY,Apartment,16
301000,63,3,2,,,0,,0,0.67,500,,UY,Apartment,10
388500,100,3,2,,,0,,0,0.67,,,UY,Apartment,14
405000,95,3,1,,,0,,0,0.33,262,,UY,Apartment,15
405000,95,3,2,,,0,,0,0.67,262,,UY,Apartment,22
405000,150,3,2,,,0,,0,0.67,218,,UY,Apartment,16
265000,81,3,1,,,0,7,0,0.33,,,UY,Apartment,16
340000,115,3,2,,,0,7,0,0.67,,,UY,Apartment,16
254500,82,3,2,,,0,,0,0.67,,,UY,Apartment,19
495000,72,3,2,,,0,,0,0.67,,,UY,Apartment,19
390000,95,3,2,,,0,,0,0.67,,,UY,Apartment,19
426000,85,3,2,,,0,,0,0.67,,,UY,Apartment,18
420000,81,3,2,,,0,,0,0.67,,,UY,Apartment,18
221327,83,2,2,3,,0,2,0,1.0,,,"AR | Distrito Centro | Rosario, Santa Fe, Argentina,",Apartment,5
255000,67,2,2,3,,0,10,1,1.0,,,"AR | Caballito Norte | Caballito, Capital Federal, Argentina,",Apartment,20
430000,153,2,2,3,1,1,,0,1.0,800,,"AR | Recoleta | Capital Federal, Argentina,",Apartment,11
865492,149,2,2,3,2,1,,0,1.0,,,"AR | Rincón de Milberg | Tigre, GBA Norte, Argentina, | Oceana Nordelta - Tres Ambientes Más Escritorio - 2 Cocheras",Apartment,21
160000,29,1,1,2,,0,,0,1.0,100,,"AR | Palermo Hollywood | Palermo, Capital Federal, Argentina,",Apartment,8
89000,49,1,1,2,,0,,0,1.0,43,,"AR | San Antonio De Padua | Merlo, GBA Oeste, Argentina, | Venta 2 Amb. Luminoso",Apartment,8
148000,66,2,1,3,,0,5,0,0.5,120,50,"AR | Almagro | Capital Federal, Argentina, | Venta 3 Amb. en Almagro Av Corrientes 3900 Piso 5° U$s 148.000",Apartment,6
179000,27,0,1,1,,0,,0,1.0,,,"AR | Belgrano | Capital Federal, Argentina,",Apartment,7
190000,64,2,2,3,,0,3,0,1.0,,,"AR | Pinamar | Buenos Aires Costa Atlántica, Argentina,",Apartment,11
560000,85,2,2,3,1,1,30,1,1.0,453,,"AR | Puerto Madero | Capital Federal, Argentina, | Venta Ubicado en Puerto Madero",Apartment,18
54800,35,0,1,1,,0,,0,1.0,,,"AR | Mar del Plata | Buenos Aires Costa Atlántica, Argentina,",Apartment,2
172000,69,2,2,3,,0,,0,1.0,,,"AR | Centro | Tigre, GBA Norte, Argentina,",Apartment,13
760000,121,2,2,3,1,1,,0,1.0,667,,"AR | Puerto Madero | Capital Federal, Argentina,",Apartment,16
251100,77,3,2,4,,0,18,1,0.67,,,"AR | Barracas | Capital Federal, Argentina, | Barracas con Ubicación Estratégica",Apartment,6
78500,35,1,1,2,,0,,0,1.0,153,,"AR | Centro | Mar del Plata, Buenos Aires Costa Atlántica, Argentina, | Zona Centro",Apartment,6
139000,55,1,1,2,1,1,,0,1.0,,,"AR | Haedo | Morón, GBA Oeste, Argentina,",Apartment,11
49500,30,0,1,1,,0,3,0,1.0,107,,"AR | Boedo | Capital Federal, Argentina,",Apartment,5
195000,45,1,1,2,,0,,0,1.0,,,"AR | Villa Crespo | Capital Federal, Argentina, | Venta o Alquiler",Apartment,10
234900,87,2,2,3,,0,,0,1.0,,,"AR | Belgrano | Capital Federal, Argentina,",Apartment,10
225000,83,2,2,4,1,1,3,0,1.0,300,,"AR | Belgrano | Capital Federal, Argentina,",Apartment,12
85000,47,2,1,3,,0,,0,0.5,113,,"AR | Balvanera | Capital Federal, Argentina, | Balvanera",Apartment,8
151470,50,0,1,1,,0,,0,1.0,70,,"AR | Villa Crespo | Capital Federal, Argentina, | Venta 1 Ambiente Divisible",Apartment,8
82000,48,1,1,2,,0,,0,1.0,107,,"AR | Monserrat | Capital Federal, Argentina,",Apartment,8
195000,70,2,2,3,,0,,0,1.0,80,,"AR | Palermo Nuevo | Palermo, Capital Federal, Argentina,",Apartment,9
560000,95,2,2,3,1,1,28,1,1.0,300,,"AR | Palermo | Capital Federal, Argentina,",Apartment,10
640000,128,2,2,3,1,1,15,1,1.0,520,,"AR | Puerto Madero | Capital Federal, Argentina, | Venta 3 Ambientes Puerto Madero con Renta",Apartment,8
350000,188,3,2,5,,0,,0,0.67,,,"AR | Barrio Norte | Capital Federal, Argentina, | Venta Barrio Norte 4 Amb",Apartment,2
110000,38,1,1,2,,0,,0,1.0,,,"AR | Recoleta | Capital Federal, Argentina, | Venta con Patio - Recoleta",Apartment,6
369000,150,4,3,5,,0,7,0,0.75,193,40,"AR | Belgrano | Capital Federal, Argentina,",Apartment,1
100000,40,0,1,1,,0,6,0,1.0,,,"AR | San Cristobal | Capital Federal, Argentina, | Venta con Patio y Jardín Apto Crédito Bajas Expensas San Cristóbal",Apartment,8
535675,80,2,2,3,,0,,0,1.0,,,"AR | Colegiales | Capital Federal, Argentina,",Apartment,11
141000,73,2,1,3,,0,,0,0.5,240,,"AR | Recoleta | Capital Federal, Argentina, | Recoleta",Apartment,8
220185,78,2,1,3,,0,8,0,0.5,,,"AR | Villa Urquiza | Capital Federal, Argentina,",Apartment,19
125000,63,2,1,3,,0,,0,0.5,99,,"AR | San Nicolás | Capital Federal, Argentina, | Congreso",Apartment,12
990000,285,4,5,5,2,1,14,1,1.25,1000,,"AR | Belgrano | Capital Federal, Argentina,",Apartment,25
298000,71,1,1,2,1,1,,0,1.0,200,,"AR | Acassuso | San Isidro, GBA Norte, Argentina, | Venta",Apartment,16
347000,74,2,1,3,1,1,,0,0.5,,,"AR | Centro | Tigre, GBA Norte, Argentina, | Tigre!",Apartment,10
260000,77,,,3,,0,,0,,1,,"AR | Béccar | San Isidro, GBA Norte, Argentina, | Torres de Beccar",Apartment,16
250000,58,1,1,2,1,1,,0,1.0,,,"AR | Martínez | San Isidro, GBA Norte, Argentina, | Venta con Cochera y Baulera Sobre Av Libertador",Apartment,17
145000,40,1,1,2,1,1,,0,1.0,,,"AR | Florida | Vicente López, GBA Norte, Argentina, | Florida",Apartment,1
129500,96,2,2,3,1,1,,0,1.0,33,,"AR | Béccar | San Isidro, GBA Norte, Argentina, | Venta 3 Ambientes en Beccar",Apartment,13
230000,77,2,2,3,1,1,7,0,1.0,209,,"AR | Olivos | Vicente López, GBA Norte, Argentina, | Venta 3 Ambientes - Olivos",Apartment,12
140000,64,2,2,3,1,1,,0,1.0,267,,"AR | Centro | Tigre, GBA Norte, Argentina, | Venta de 3 Ambientes con Cochera y Amenities",Apartment,17
110000,41,1,1,2,,0,,0,1.0,80,,"AR | Martínez | San Isidro, GBA Norte, Argentina,",Apartment,4
78000,50,1,1,2,1,1,,0,1.0,227,,"AR | Pilar | Pilar, GBA Norte, Argentina,",Apartment,7
250000,48,1,1,2,1,1,,0,1.0,,,"AR | Olivos | Vicente López, GBA Norte, Argentina,",Apartment,17
155000,43,1,1,2,1,1,,0,1.0,,,"AR | La Lucila | Vicente López, GBA Norte, Argentina,",Apartment,17
439566,85,2,2,2,,0,,0,1.0,,,"AR | Buena Vista | San Fernando, GBA Norte, Argentina,",Apartment,23
220000,90,1,1,3,1,1,,0,1.0,400,,"AR | El Palmar | Nordelta, Tigre, GBA Norte, Argentina | Chateau del Palmar",Apartment,13
300000,116,3,2,4,1,1,,0,0.67,,,"AR | Pilará | Pilar, Pilar, GBA Norte, Argentina",Apartment,10
363500,99,3,2,4,1,1,,0,0.67,,,"AR | Nordelta | Tigre, GBA Norte, Argentina, | Nordelta",Apartment,7
58000,39,,1,2,1,1,,0,1.0,73,,"AR | Adrogué | Almirante Brown, GBA Sur, Argentina, | Adrogue Centro Apto Credito en Venta",Apartment,7
103000,39,1,1,2,1,1,,0,1.0,,,"AR | Quilmes | GBA Sur, Argentina, | Venta",Apartment,6
118000,48,1,1,2,1,1,,0,1.0,,,"AR | Lanús Este | Lanús, GBA Sur, Argentina, | Venta Apto Crédito Hipotecario",Apartment,11
73500,50,2,1,3,1,1,1,0,0.5,,40,"AR | Piñeyro | Avellaneda, GBA Sur, Argentina, | Piñeyro Avellaneda",Apartment,6
125000,65,2,1,3,,0,,0,0.5,100,,"AR | Lanús Oeste | Lanús, GBA Sur, Argentina,",Apartment,4
67000,43,1,1,2,1,1,,0,1.0,,,"AR | La Plata | La Plata, GBA Sur, Argentina,",Apartment,13
222000,111,3,2,4,,0,,0,0.67,,,"AR | Wilde | Avellaneda, GBA Sur, Argentina,",Apartment,10
95000,44,1,2,2,1,1,15,1,2.0,,,"AR | Lomas de Zamora | Lomas de Zamora, GBA Sur, Argentina,",Apartment,10
127000,77,3,2,4,,0,,0,0.67,100,,"AR | Lanús Oeste | Lanús, GBA Sur, Argentina, | Lanús Oeste",Apartment,8
310000,95,2,1,3,1,1,,0,0.5,,,"AR | Lomas de Zamora | Lomas de Zamora, GBA Sur, Argentina, | Lomas de Zamora",Apartment,17
73000,52,1,1,2,,0,,0,1.0,173,,"AR | La Plata | La Plata, GBA Sur, Argentina,",Apartment,9
46000,45,2,1,3,1,1,,0,0.5,3,,"AR | La Plata | La Plata, GBA Sur, Argentina,",Apartment,7
91000,70,2,1,3,1,1,,0,0.5,119,,"AR | La Plata | La Plata, GBA Sur, Argentina,",Apartment,6
66000,43,1,1,2,,0,,0,1.0,,,"AR | La Plata | La Plata, GBA Sur, Argentina,",Apartment,10
695000,180,2,3,4,2,1,,0,1.5,,,"AR | Lomas de Zamora | Lomas de Zamora, GBA Sur, Argentina,",Apartment,14
120000,55,2,1,3,1,1,,0,0.5,,,"AR | Lomas de Zamora | Lomas de Zamora, GBA Sur, Argentina,",Apartment,13
68928,36,0,1,1,,0,,0,1.0,,,"AR | Quilmes | Quilmes, GBA Sur, Argentina,",Apartment,2
63000,36,0,1,1,1,1,9,1,1.0,,,"AR | Canning | Ezeiza, GBA Sur, Argentina,",Apartment,11
42000,27,0,1,1,,0,,0,1.0,33,,"AR | Bernal Oeste | Quilmes, GBA Sur, Argentina, | Venta - Apto Credito - Bernal Oeste",Apartment,7
58000,31,1,1,2,,0,3,0,1.0,76,,"AR | Lanús Oeste | Lanús, GBA Sur, Argentina,",Apartment,14
115000,57,2,1,3,1,1,,0,0.5,80,,"AR | La Plata | La Plata, GBA Sur, Argentina,",Apartment,10
250000,117,3,3,4,1,1,,0,1.0,100,,"AR | Crucecita | Avellaneda, GBA Sur, Argentina, | Crucecita",Apartment,12
73000,38,1,1,2,,0,,0,1.0,2,,"AR | Caseros | Tres de Febrero, GBA Oeste, Argentina, | Caseros",Apartment,10
50000,35,1,1,2,,0,,0,1.0,88,,"AR | Ramos Mejía | La Matanza, GBA Oeste, Argentina,",Apartment,5
300000,117,3,3,4,1,1,,0,1.0,,,"AR | Morón | Morón, GBA Oeste, Argentina,",Apartment,26
85000,39,1,1,2,1,1,,0,1.0,50,,"AR | Morón | Morón, GBA Oeste, Argentina, | Venta",Apartment,9
65000,37,1,1,2,,0,,0,1.0,,,"AR | Morón | Morón, GBA Oeste, Argentina, | Venta - Moron Sur",Apartment,10
54500,37,1,1,2,,0,1,0,1.0,,,"AR | Morón | Morón, GBA Oeste, Argentina, | Venta",Apartment,9
136000,69,2,2,3,,0,,0,1.0,,,"AR | Morón | Morón, GBA Oeste, Argentina, | Venta - Moron Sur",Apartment,12
52500,35,0,1,1,,0,,0,1.0,,,"AR | Morón | Morón, GBA Oeste, Argentina, | Moron",Apartment,2
185144,109,2,1,3,10,1,20,1,0.5,,,"AR | Haedo | Morón, GBA Oeste, Argentina, | Pozo Excelente Ubicacion",Apartment,6
50000,40,1,1,2,,0,,0,1.0,,,"AR | San Justo | La Matanza, GBA Oeste, Argentina, | San Justo Centro - 2 Ambientes - Balcón - Terraza - Parrilla",Apartment,14
210000,76,2,2,3,1,1,7,0,1.0,133,,"AR | Ituzaingó Norte | Ituzaingó, GBA Oeste, Argentina, | Venta Ituzaingó Norte 3 Ambientes Piso 7 Frente",Apartment,16
42000,33,0,1,1,,0,2,0,1.0,,,"AR | Martín Coronado | Tres de Febrero, GBA Oeste, Argentina,",Apartment,1
90000,48,1,1,2,2,1,2,0,1.0,,,"AR | Ituzaingó Norte | Ituzaingó, GBA Oeste, Argentina,",Apartment,10
120400,78,1,2,3,,0,,0,2.0,,,"AR | Morón | GBA Oeste, Argentina, | Venta Departamento 3 Ambiente en Morón. Clamaco Sa",Apartment,7
59900,30,0,1,1,,0,,0,1.0,,,"AR | Caseros | Tres de Febrero, GBA Oeste, Argentina, | Caseros!",Apartment,12
199000,103,2,2,3,,0,7,0,1.0,133,,"AR | Haedo | Morón, GBA Oeste, Argentina, | Haedo",Apartment,15
70000,40,1,1,2,,0,,0,1.0,,,"AR | Morón | Morón, GBA Oeste, Argentina, | Moron Sur (6ºb)",Apartment,7
79000,42,1,1,2,,0,,0,1.0,33,,"AR | Haedo | Morón, GBA Oeste, Argentina,",Apartment,10
60000,38,1,1,2,,0,,0,1.0,,,"AR | San Justo | La Matanza, GBA Oeste, Argentina,",Apartment,6
180000,62,2,1,3,,0,4,0,0.5,,,"AR | Haedo | Morón, GBA Oeste, Argentina,",Apartment,15
480000,121,3,2,4,2,1,,0,0.67,213,,"AR | Parque Leloir | Ituzaingó, GBA Oeste, Argentina,",Apartment,18
99000,57,2,1,3,1,1,,0,0.5,80,,"AR | Ramos Mejía | La Matanza, GBA Oeste, Argentina, | Venta 3 Ambientes Ramos - Apto Credito - Acepta Permuta",Apartment,8
260000,66,1,1,3,1,1,,0,1.0,200,,"AR | Palermo Hollywood | Palermo, Capital Federal, Argentina,",Apartment,7
210000,55,2,1,3,,0,3,0,0.5,133,,"AR | Palermo Nuevo | Palermo, Capital Federal, Argentina,",Apartment,12
350000,84,3,2,4,1,1,,0,0.67,480,,"AR | Palermo | Capital Federal, Argentina, | Palermo",Apartment,12
87000,28,0,1,1,,0,,0,1.0,100,,"AR | Las Cañitas | Palermo, Capital Federal, Argentina, | Las Cañitas",Apartment,2
109000,40,1,1,2,,0,,0,1.0,147,,"AR | Palermo | Capital Federal, Argentina, | Palermo",Apartment,8
345000,87,3,2,4,1,1,4,0,0.67,440,,"AR | Las Cañitas | Palermo, Capital Federal, Argentina, | Palermo",Apartment,19
575000,93,2,4,3,1,1,3,0,2.0,368,,"AR | Palermo Chico | Palermo, Capital Federal, Argentina, | Palermo",Apartment,24
279000,121,3,2,4,1,1,19,1,0.67,353,,"AR | Palermo | Capital Federal, Argentina, | Venta de 4 Ambientes en Palermo con Amenities",Apartment,20
160000,48,1,1,2,,0,,0,1.0,197,,"AR | Palermo Hollywood | Palermo, Capital Federal, Argentina,",Apartment,7
141000,34,0,,1,,0,,0,,,,"AR | Las Cañitas | Palermo, Capital Federal, Argentina, | Venta - Las Cañitas - 1 Ambiente en Pozo",Apartment,3
148000,57,2,1,3,,0,,0,0.5,233,,"AR | Las Cañitas | Palermo, Capital Federal, Argentina,",Apartment,7
350000,150,4,4,2,,0,,0,1.0,,,"AR | Palermo Hollywood | Palermo, Capital Federal, Argentina, | Venta 4 Departamentos en Block Oportunidad Para Inversor",Apartment,2
530000,152,4,2,5,,0,,0,0.5,187,60,"AR | Palermo Chico | Palermo, Capital Federal, Argentina,",Apartment,10
136500,36,0,1,1,,0,4,0,1.0,,,"AR | Palermo | Capital Federal, Argentina, | Palermo C. A. b. a - Coc",Apartment,12
175000,59,1,1,2,,0,,0,1.0,,,"AR | Palermo Soho | Palermo, Capital Federal, Argentina,",Apartment,17
89000,35,1,1,2,,0,5,0,1.0,125,,"AR | Palermo Chico | Palermo, Capital Federal, Argentina, | Palermo Chico - Apto Credito/ Apto Profesional. Ideal Inversion",Apartment,10
475000,165,3,2,5,1,1,5,0,0.67,533,,"AR | Palermo | Capital Federal, Argentina,",Apartment,19
169000,54,1,1,3,,0,4,0,1.0,184,50,"AR | Palermo | Capital Federal, Argentina,",Apartment,7
93000,45,1,1,2,,0,,0,1.0,67,60,"AR | Belgrano C | Belgrano, Capital Federal, Argentina,",Apartment,3
189000,55,1,1,2,,0,6,0,1.0,,,"AR | Belgrano | Capital Federal, Argentina,",Apartment,17
280000,75,2,1,3,,0,,0,0.5,,,"AR | Belgrano | Capital Federal, Argentina,",Apartment,14
350000,125,3,3,4,1,1,2,0,1.0,400,,"AR | Belgrano | Capital Federal, Argentina,",Apartment,15
254900,88,3,2,4,,0,,0,0.67,190,,"AR | Belgrano | Capital Federal, Argentina, | Belgrano",Apartment,18
265000,70,2,2,3,1,1,,0,1.0,127,,"AR | Belgrano | Capital Federal, Argentina,",Apartment,14
138000,36,1,1,2,1,1,1,0,1.0,200,,"AR | Belgrano | Capital Federal, Argentina,",Apartment,9
230000,82,2,1,3,,0,5,0,0.5,200,,"AR | Belgrano | Capital Federal, Argentina, | Belgrano",Apartment,7
157000,54,2,1,3,,0,12,1,0.5,143,,"AR | Belgrano | Capital Federal, Argentina, | Belgrano",Apartment,8
189000,53,0,1,1,1,1,,0,1.0,,,"AR | Belgrano | Capital Federal, Argentina, | Belgrano",Apartment,4
550000,171,3,2,4,2,1,4,0,0.67,417,,"AR | Belgrano | Capital Federal, Argentina,",Apartment,15
107712,30,0,1,1,,0,4,0,1.0,,,"AR | Barrio Chino | Belgrano, Capital Federal, Argentina, | Venta - Belgrano",Apartment,3
98000,31,0,1,1,,0,1,0,1.0,,7,"AR | Belgrano | Capital Federal, Argentina, | Venta Apto Crédito",Apartment,8
288000,120,3,2,4,,0,,0,0.67,342,,"AR | Belgrano | Capital Federal, Argentina,",Apartment,16
220000,43,1,1,2,,0,,0,1.0,,,"AR | Belgrano | Capital Federal, Argentina, | Belgrano",Apartment,7
139000,59,2,1,3,,0,17,1,0.5,133,,"AR | Belgrano R | Belgrano, Capital Federal, Argentina,",Apartment,15
289900,84,2,1,3,1,1,3,0,0.5,200,,"AR | Belgrano | Capital Federal, Argentina,",Apartment,17
1480000,335,4,3,6,2,1,,0,0.75,1467,,"AR | Belgrano | Capital Federal, Argentina,",Apartment,18
120000,62,2,1,3,,0,,0,0.5,233,,"AR | Caballito Norte | Caballito, Capital Federal, Argentina, | Caballito Norte",Apartment,9
240000,124,3,2,4,1,1,,0,0.67,433,,"AR | Caballito | Capital Federal, Argentina,",Apartment,13
350000,85,2,2,4,2,1,13,1,1.0,133,,"AR | Caballito | Capital Federal, Argentina, | Venta Caballito",Apartment,18
169000,126,3,2,4,,0,,0,0.67,369,,"AR | Caballito | Capital Federal, Argentina,",Apartment,6
350000,117,3,1,4,1,1,1,0,0.33,333,60,"AR | Caballito | Capital Federal, Argentina, | Caballito",Apartment,15
123000,76,3,2,4,,0,,0,0.67,93,,"AR | Caballito | Capital Federal, Argentina,",Apartment,8
107000,36,0,1,1,,0,,0,1.0,,,"AR | Cid Campeador | Caballito, Capital Federal, Argentina, | Venta de 1 Ambiente en Caballito de 36 m²",Apartment,10
185000,56,1,1,2,1,1,,0,1.0,,,"AR | Caballito | Capital Federal, Argentina, | Venta Duplex - 2 Ambientes - Amenities - Cochera - Caballito",Apartment,15
159000,85,3,1,4,,0,,0,0.33,57,,"AR | Caballito | Capital Federal, Argentina, | Caballito - Balcón - Lavadero - Al Frente",Apartment,10
135000,43,1,1,2,1,1,,0,1.0,107,,"AR | Caballito Norte | Caballito, Capital Federal, Argentina,",Apartment,12
109000,45,1,1,2,,0,,0,1.0,117,,"AR | Caballito | Capital Federal, Argentina, | Caballito",Apartment,10
439000,199,3,3,5,1,1,4,0,1.0,,,"AR | Parque Rivadavia | Caballito, Capital Federal, Argentina,",Apartment,16
159000,71,2,2,4,,0,,0,1.0,,,"AR | Caballito | Capital Federal, Argentina,",Apartment,7
340000,179,4,2,5,1,1,,0,0.5,333,,"AR | Caballito | Capital Federal, Argentina,",Apartment,19
139800,43,1,1,2,1,1,,0,1.0,247,,"AR | Caballito | Capital Federal, Argentina,",Apartment,15
185000,56,2,2,2,,0,13,1,1.0,75,,"AR | Caballito | Capital Federal, Argentina, | Duplex a Estrenar!",Apartment,14
84900,34,0,1,1,,0,4,0,1.0,0,,"AR | Caballito Norte | Caballito, Capital Federal, Argentina,",Apartment,16
95000,39,0,,,,0,,0,,,,"AR | Caballito Sur | Caballito, Capital Federal, Argentina,",Apartment,2
440000,107,3,2,4,1,1,3,0,0.67,,,"AR | Caballito | Capital Federal, Argentina,",Apartment,18
375000,153,4,3,5,1,1,,0,0.75,440,,"AR | Recoleta | Capital Federal, Argentina,",Apartment,19
795000,268,4,3,7,1,1,,0,0.75,533,,"AR | Recoleta | Capital Federal, Argentina,",Apartment,21
229000,70,2,2,3,,0,6,0,1.0,120,40,"AR | Recoleta | Capital Federal, Argentina, | Recoleta",Apartment,17
249000,86,3,2,4,,0,3,0,0.67,,,"AR | Recoleta | Capital Federal, Argentina, | Recoleta",Apartment,6
380000,125,3,1,4,,0,,0,0.33,300,,"AR | Recoleta | Capital Federal, Argentina, | Venta - 4 Ambientes con Dependencia en Recoleta Apto Credito",Apartment,10
350000,156,3,3,4,,0,,0,1.0,352,,"AR | Recoleta | Capital Federal, Argentina, | Venta de 4 Ambientes en Recoleta",Apartment,15
175000,45,1,1,2,,0,,0,1.0,,,"AR | Recoleta | Capital Federal, Argentina,",Apartment,7
195000,74,3,1,4,1,1,,0,0.33,266,,"AR | Recoleta | Capital Federal, Argentina,",Apartment,14
270000,108,2,1,3,,0,,0,0.5,,,"AR | Recoleta | Capital Federal, Argentina, | Venta Recoleta – Av Libertador Al 900",Apartment,12
408800,179,3,3,7,,0,6,0,1.0,433,,"AR | Recoleta | Capital Federal, Argentina, | Venta Ubicado en Recoleta",Apartment,8
64000,21,0,1,1,,0,6,0,1.0,99,,"AR | Recoleta | Capital Federal, Argentina,",Apartment,3
170000,68,2,2,3,,0,,0,1.0,153,,"AR | Recoleta | Capital Federal, Argentina,",Apartment,11
305000,112,3,1,4,,0,,0,0.33,333,,"AR | Recoleta | Capital Federal, Argentina,",Apartment,12
150000,61,2,2,3,,0,,0,1.0,230,,"AR | Recoleta | Capital Federal, Argentina, | Recoleta Luminoso",Apartment,10
610000,186,3,2,7,,0,,0,0.67,677,,"AR | Recoleta | Capital Federal, Argentina, | Recoleta 3 Dorm",Apartment,16
439000,149,,3,4,1,1,10,1,3.0,,,"AR | Recoleta | Capital Federal, Argentina,",Apartment,12
210000,73,2,2,3,,0,,0,1.0,159,,"AR | Villa Crespo | Capital Federal, Argentina,",Apartment,13
165000,75,2,1,4,,0,2,0,0.5,173,,"AR | Villa Crespo | Capital Federal, Argentina,",Apartment,5
169000,45,1,1,2,,0,32,1,1.0,173,,"AR | Villa Crespo | Capital Federal, Argentina, | Torre con Patio Full Amenities",Apartment,17
171111,71,2,2,3,,0,,0,1.0,,,"AR | Villa Crespo | Capital Federal, Argentina, | Venta de 3 Ambientes en Villa Crespo de 71 m² Entrega:2026",Apartment,14
149000,42,1,2,2,,0,12,1,2.0,,,"AR | Villa Crespo | Capital Federal, Argentina, | Venta Ubicado en Villa Crespo",Apartment,8
196000,67,2,2,3,,0,,0,1.0,,,"AR | Villa Crespo | Capital Federal, Argentina, | Venta Ubicado en Villa Crespo",Apartment,14
73900,29,0,1,1,,0,,0,1.0,,,"AR | Villa Crespo | Capital Federal, Argentina, | Villa Crespo",Apartment,5
79000,33,1,1,2,,0,,0,1.0,63,,"AR | Villa Crespo | Capital Federal, Argentina, | Villa Crespo",Apartment,5
180000,62,1,1,2,,0,,0,1.0,,,"AR | Villa Crespo | Capital Federal, Argentina, | Villa Crespo en Venta 2 Ambientes",Apartment,2
175000,39,1,1,2,,0,9,1,1.0,,,"AR | Villa Crespo | Capital Federal, Argentina, | Villa Crespo Malabia 1137 Unidad 801",Apartment,8
69900,29,0,1,1,,0,,0,1.0,120,,"AR | Villa Crespo | Capital Federal, Argentina, | Villa Crespo Monoambiente con Balcón Al Contra Frente",Apartment,8
77000,40,0,1,1,,0,,0,1.0,59,,"AR | Villa Crespo | Capital Federal, Argentina,",Apartment,4
131700,43,1,1,2,,0,12,1,1.0,,,"AR | Villa Crespo | Capital Federal, Argentina,",Apartment,15
198000,106,3,1,4,,0,12,1,0.33,160,,"AR | Villa Crespo | Capital Federal, Argentina,",Apartment,14
160000,50,1,2,2,,0,,0,2.0,140,,"AR | Villa Crespo | Capital Federal, Argentina,",Apartment,14
89500,44,2,1,3,,0,4,0,0.5,177,,"AR | Villa Crespo | Capital Federal, Argentina,",Apartment,4
169000,61,2,2,3,,0,,0,1.0,94,,"AR | Villa Crespo | Capital Federal, Argentina,",Apartment,10
115000,49,2,1,3,,0,,0,0.5,140,,"AR | Almagro | Capital Federal, Argentina,",Apartment,6
85000,42,1,1,2,,0,,0,1.0,,,"AR | Almagro | Capital Federal, Argentina,",Apartment,6
125000,56,2,1,3,,0,,0,0.5,,,"AR | Almagro Norte | Almagro, Capital Federal, Argentina,",Apartment,8
130000,45,1,1,2,,0,,0,1.0,100,,"AR | Almagro | Capital Federal, Argentina,",Apartment,3
162000,46,1,1,2,,0,19,1,1.0,180,,"AR | Almagro | Capital Federal, Argentina,",Apartment,11
394000,,3,2,4,,0,8,0,0.67,667,,"AR | Almagro Norte | Almagro, Capital Federal, Argentina,",Apartment,15
75000,32,0,1,1,,0,,0,1.0,97,,"AR | Almagro | Capital Federal, Argentina, | Almagro",Apartment,7
127714,41,1,1,2,,0,,0,1.0,,,"AR | Almagro | Capital Federal, Argentina, | Almagro",Apartment,11
140000,66,3,2,4,,0,,0,0.67,216,,"AR | Almagro | Capital Federal, Argentina, | Almagro",Apartment,8
198000,44,1,1,2,1,1,24,1,1.0,267,,"AR | Almagro | Capital Federal, Argentina,",Apartment,23
129000,50,1,2,2,,0,9,1,2.0,,,"AR | Almagro | Capital Federal, Argentina,",Apartment,11
400000,169,3,2,4,2,1,4,0,0.67,,,"AR | Almagro | Capital Federal, Argentina, | Lezica Plaza",Apartment,19
198000,52,2,1,3,,0,,0,0.5,167,,"AR | Almagro | Capital Federal, Argentina,",Apartment,5
140000,51,3,1,3,,0,,0,0.33,137,,"AR | Almagro | Capital Federal, Argentina, | Almagro",Apartment,9
195000,94,3,2,4,,0,4,0,0.67,273,,"AR | Almagro | Capital Federal, Argentina,",Apartment,11
199500,96,3,2,4,1,1,,0,0.67,200,,"AR | Almagro | Capital Federal, Argentina,",Apartment,6
65000,29,0,1,1,,0,,0,1.0,107,,"AR | Almagro | Capital Federal, Argentina,",Apartment,5
145000,35,0,1,1,1,1,2,0,1.0,93,,"AR | Almagro | Capital Federal, Argentina,",Apartment,13
119000,68,2,1,3,,0,6,0,0.5,133,,"AR | Almagro | Capital Federal, Argentina,",Apartment,6
220000,80,3,2,4,,0,,0,0.67,206,,"AR | Almagro | Capital Federal, Argentina,",Apartment,8
348000,91,3,2,4,,0,,0,0.67,93,,"AR | Núñez | Capital Federal, Argentina,",Apartment,14
595000,150,3,2,4,1,1,,0,0.67,800,,"AR | Núñez | Capital Federal, Argentina, | Nuñez",Apartment,18
1600000,210,3,3,4,,0,,0,1.0,976,,"AR | Núñez | Capital Federal, Argentina,",Apartment,18
135000,32,1,1,2,,0,,0,1.0,,,"AR | Núñez | Capital Federal, Argentina,",Apartment,10
94000,23,0,1,1,,0,,0,1.0,,,"AR | Núñez | Capital Federal, Argentina, | Nuñez",Apartment,11
180000,60,1,1,2,,0,,0,1.0,,,"AR | Núñez | Capital Federal, Argentina,",Apartment,11
215000,53,1,1,2,,0,,0,1.0,,,"AR | Núñez | Capital Federal, Argentina, | Nuñez",Apartment,8
89900,29,0,1,1,,0,14,1,1.0,,,"AR | Núñez | Capital Federal, Argentina, | Nuñez",Apartment,7
760000,111,2,2,3,1,1,20,1,1.0,667,,"AR | Núñez | Capital Federal, Argentina, | Nuñez",Apartment,18
480000,128,3,2,4,1,1,,0,0.67,,,"AR | Núñez | Capital Federal, Argentina, | Venta 4 Ambientes de 150 m con Amenities a Estrenar en Nuñez",Apartment,17
280000,107,3,2,4,1,1,,0,0.67,76,,"AR | Núñez | Capital Federal, Argentina,",Apartment,11
210000,41,1,1,2,,0,,0,1.0,245,,"AR | Núñez | Capital Federal, Argentina,",Apartment,11
130000,37,0,1,1,,0,,0,1.0,80,,"AR | Núñez | Capital Federal, Argentina,",Apartment,0
190000,44,1,1,2,,0,3,0,1.0,,,"AR | Núñez | Capital Federal, Argentina, | Nuñez a Estrenar!",Apartment,13
220000,70,2,1,3,,0,2,0,0.5,1,,"AR | Núñez | Capital Federal, Argentina,",Apartment,6
130000,41,1,1,2,,0,,0,1.0,140,,"AR | Núñez | Capital Federal, Argentina,",Apartment,8
235000,40,0,1,1,1,1,,0,1.0,253,,"AR | Olivos | Vicente López, GBA Norte, Argentina, | Olivos - Vias/rio",Apartment,15
190000,50,1,1,2,,0,8,0,1.0,,,"AR | Olivos | Vicente López, GBA Norte, Argentina,",Apartment,15
390000,100,2,2,3,2,1,,0,1.0,,,"AR | Olivos | Vicente López, GBA Norte, Argentina,",Apartment,14
450000,93,2,2,3,1,1,,0,1.0,485,,"AR | Olivos | Vicente López, GBA Norte, Argentina,",Apartment,18
845000,139,2,3,4,2,1,1,0,1.5,667,,"AR | Olivos | Vicente López, GBA Norte, Argentina, | Olivos",Apartment,17
138000,64,2,1,3,,0,,0,0.5,,,"AR | Olivos | Vicente López, GBA Norte, Argentina, | Olivos",Apartment,7
87000,37,1,1,2,,0,,0,1.0,47,,"AR | Olivos | Vicente López, GBA Norte, Argentina, | Venta de 2 Ambientes en Olivos con Balcon",Apartment,8
165000,66,2,1,3,1,1,2,0,0.5,1,,"AR | Olivos | Vicente López, GBA Norte, Argentina, | Venta de 3 Ambientes con Cochera",Apartment,15
205000,55,1,1,2,1,1,7,0,1.0,167,,"AR | Olivos | Vicente López, GBA Norte, Argentina,",Apartment,26
496000,107,3,3,4,2,1,,0,1.0,293,,"AR | Olivos | Vicente López, GBA Norte, Argentina,",Apartment,16
749000,240,3,2,5,1,1,17,1,0.67,,,"AR | Olivos | Vicente López, GBA Norte, Argentina,",Apartment,16
410000,163,3,2,4,2,1,,0,0.67,1011,,"AR | Olivos | Vicente López, GBA Norte, Argentina, | Venta Cuatro Ambientes",Apartment,12
174000,46,1,1,2,1,1,13,1,1.0,107,,"AR | Olivos | Vicente López, GBA Norte, Argentina, | Torre en Olivos con Amenitiess",Apartment,12
220000,50,1,1,2,1,1,,0,1.0,200,,"AR | Olivos | Vicente López, GBA Norte, Argentina,",Apartment,15
195000,58,1,1,2,,0,8,0,1.0,267,,"AR | Olivos | Vicente López, GBA Norte, Argentina, | Complejo Olivos Eco (Olivos)",Apartment,20
118000,60,2,1,3,,0,,0,0.5,,,"AR | Olivos | Vicente López, GBA Norte, Argentina, | Olivos",Apartment,9
370000,91,3,3,4,1,1,,0,1.0,,2,"AR | Puerto Escondido | Nordelta, Tigre, GBA Norte, Argentina",Apartment,23
880000,142,3,2,4,2,1,,0,0.67,600,,"AR | Nordelta | Tigre, GBA Norte, Argentina,",Apartment,20
138500,53,1,1,2,1,1,,0,1.0,,,"AR | Sendero | Nordelta, Tigre, GBA Norte, Argentina | Sendero",Apartment,13
225000,71,2,2,3,1,1,,0,1.0,333,,"AR | The Kiri | Nordelta, Tigre, GBA Norte, Argentina | Venta 3 Ambientes con Vista a La Bahía de Nordelta The Kiri",Apartment,21
288000,12,2,1,3,,0,,0,0.5,,,"AR | El Portal | Nordelta, Tigre, GBA Norte, Argentina | Venta de 3 Ambientes",Apartment,11
155000,80,2,1,3,1,1,,0,0.5,,,"AR | Tigre | GBA Norte, Argentina,",Apartment,11
270000,69,1,2,2,1,1,,0,2.0,1,,"AR | Nordelta | Tigre, GBA Norte, Argentina,",Apartment,14
106000,45,1,1,2,1,1,,0,1.0,,,"AR | Terrazas de Santa María | Dique Luján, Tigre, GBA Norte, Argentina",Apartment,4
119000,45,1,1,2,1,1,,0,1.0,,,"AR | Terrazas de Santa María | Dique Luján, Tigre, GBA Norte, Argentina",Apartment,11
115000,60,1,1,2,1,1,,0,1.0,67,,"AR | Centro | Tigre, GBA Norte, Argentina, | Tigre Centro",Apartment,16
89800,38,1,1,2,1,1,,0,1.0,60,,"AR | Centro | Tigre, GBA Norte, Argentina,",Apartment,11
517000,3,2,2,3,1,1,,0,1.0,,,"AR | Bahía Grande | Nordelta, Tigre, GBA Norte, Argentina",Apartment,19
319000,93,2,2,3,1,1,,0,1.0,,,"AR | Marinas Golf | Rincón de Milberg, Tigre, GBA Norte, Argentina",Apartment,15
190000,49,1,1,2,1,1,,0,1.0,,,"AR | Remeros Beach | Rincón de Milberg, Tigre, GBA Norte, Argentina",Apartment,10
195000,81,2,2,3,1,1,,0,1.0,533,,"AR | Nordelta | Tigre, GBA Norte, Argentina,",Apartment,16
498000,25,2,2,3,2,1,,0,1.0,467,,"AR | Islas del Canal | Nordelta, Tigre, GBA Norte, Argentina",Apartment,22
100000,226,,4,5,,0,,0,4.0,,,AR,,0
550000,117,2,4,3,2,1,6,0,2.0,,,"AR | Nordelta | Tigre, GBA Norte, Argentina,",Apartment,23
310000,73,1,1,2,1,1,,0,1.0,,,"AR | Nordelta | Tigre, GBA Norte, Argentina,",Apartment,16
160000,60,0,1,1,1,1,,0,1.0,,,"AR | Nordelta | Tigre, GBA Norte, Argentina,",Apartment,5
130000,37,0,1,1,1,1,,0,1.0,,,"AR | Nordelta | Tigre, GBA Norte, Argentina,",Apartment,4
340000,75,2,2,3,1,1,,0,1.0,,,"AR | Nordelta | Tigre, GBA Norte, Argentina,",Apartment,17
650000,77,2,2,3,1,1,,0,1.0,,,"AR | Nordelta | Tigre, GBA Norte, Argentina,",Apartment,16
290000,94,2,2,3,1,1,,0,1.0,,,"AR | Nordelta | Tigre, GBA Norte, Argentina,",Apartment,15
300000,68,2,2,3,1,1,,0,1.0,,,"AR | Nordelta | Tigre, GBA Norte, Argentina,",Apartment,15
258000,50,1,1,2,,0,6,0,1.0,,,"AR | Nordelta | Tigre, GBA Norte, Argentina,",Apartment,19
360000,105,4,2,5,1,1,,0,0.5,,,"AR | Nordelta | Tigre, GBA Norte, Argentina,",Apartment,13
220000,52,1,1,2,1,1,,0,1.0,,,"AR | Nordelta | Tigre, GBA Norte, Argentina,",Apartment,12
490000,134,3,2,4,2,1,,0,0.67,,,"AR | Nordelta | Tigre, GBA Norte, Argentina,",Apartment,13
175000,48,1,1,2,1,1,,0,1.0,,,"AR | Nordelta | Tigre, GBA Norte, Argentina,",Apartment,14
230000,50,1,1,2,1,1,,0,1.0,,,"AR | Nordelta | Tigre, GBA Norte, Argentina,",Apartment,15
263000,62,1,1,2,1,1,,0,1.0,,,"AR | Nordelta | Tigre, GBA Norte, Argentina,",Apartment,13
325000,79,2,2,3,2,1,,0,1.0,,,"AR | Nordelta | Tigre, GBA Norte, Argentina,",Apartment,16
258000,76,2,1,3,1,1,,0,0.5,,,"AR | Nordelta | Tigre, GBA Norte, Argentina,",Apartment,15
158000,60,0,1,1,,0,,0,1.0,,,"AR | Nordelta | Tigre, GBA Norte, Argentina,",Apartment,5
287000,88,2,2,3,1,1,,0,1.0,,,"AR | Nordelta | Tigre, GBA Norte, Argentina,",Apartment,16
230000,59,1,2,2,1,1,,0,2.0,,,"AR | Nordelta | Tigre, GBA Norte, Argentina,",Apartment,16
110000,60,,1,2,1,1,,0,1.0,,,"AR | Nordelta | Tigre, GBA Norte, Argentina,",Apartment,9
185000,57,1,1,2,1,1,,0,1.0,,,"AR | Nordelta | Tigre, GBA Norte, Argentina,",Apartment,15
